{
  "type": "FeatureCollection",
  "features": [
    {
      "type": "Feature",
      "geometry": {
        "type": "LineString",
        "coordinates": [
          [
            -0.22585612167487312,
            -0.29001046738612857
          ],
          [
            -0.4966944770582433,
            -0.6671404620209493
          ],
          [
            -0.7675328324416135,
            -1.0442704566557701
          ],
          [
            -1.0383711878249837,
            -1.421400451290591
          ],
          [
            -1.309209543208354,
            -1.7985304459254152
          ],
          [
            -1.5800478985917223,
            -2.175660440560236
          ],
          [
            -1.8508862539750925,
            -2.5527904351950568
          ],
          [
            -2.1217246093584627,
            -2.9299204298298793
          ],
          [
            -2.392562964741833,
            -3.3070504244647
          ],
          [
            -2.663401320125203,
            -3.6841804190995227
          ],
          [
            -2.9342396755085733,
            -4.061310413734343
          ],
          [
            -3.2050780308919435,
            -4.438440408369164
          ],
          [
            -3.4759163862753137,
            -4.815570403003987
          ],
          [
            -3.746754741658684,
            -5.1927003976388075
          ],
          [
            -4.017593097042054,
            -5.1927003976388075
          ],
          [
            -4.288431452425424,
            -5.1927003976388075
          ],
          [
            -4.559269807808793,
            -5.1927003976388075
          ],
          [
            -4.830108163192163,
            -5.1927003976388075
          ],
          [
            -5.100946518575534,
            -5.56983039227363
          ],
          [
            -5.371784873958903,
            -5.56983039227363
          ],
          [
            -5.642623229342274,
            -5.56983039227363
          ],
          [
            -5.913461584725644,
            -5.56983039227363
          ],
          [
            -6.184299940109014,
            -5.56983039227363
          ],
          [
            -6.455138295492384,
            -5.946960386908451
          ],
          [
            -6.7259766508757535,
            -5.946960386908451
          ],
          [
            -6.996815006259124,
            -6.324090381543273
          ],
          [
            -7.267653361642494,
            -6.324090381543273
          ],
          [
            -7.538491717025864,
            -5.946960386908451
          ],
          [
            -7.538491717025864,
            -5.56983039227363
          ],
          [
            -7.538491717025864,
            -5.1927003976388075
          ],
          [
            -7.267653361642494,
            -5.1927003976388075
          ],
          [
            -7.267653361642494,
            -5.56983039227363
          ],
          [
            -6.996815006259124,
            -5.1927003976388075
          ],
          [
            -6.7259766508757535,
            -5.1927003976388075
          ],
          [
            -6.996815006259124,
            -5.56983039227363
          ],
          [
            -6.996815006259124,
            -5.946960386908451
          ],
          [
            -6.7259766508757535,
            -6.324090381543273
          ],
          [
            -6.455138295492384,
            -6.324090381543273
          ],
          [
            -6.455138295492384,
            -5.946960386908451
          ],
          [
            -6.455138295492384,
            -5.56983039227363
          ],
          [
            -6.455138295492384,
            -5.1927003976388075
          ],
          [
            -6.7259766508757535,
            -4.815570403003987
          ],
          [
            -6.996815006259124,
            -4.815570403003987
          ],
          [
            -7.267653361642494,
            -4.438440408369164
          ],
          [
            -7.538491717025864,
            -4.815570403003987
          ],
          [
            -7.809330072409234,
            -4.815570403003987
          ],
          [
            -7.809330072409234,
            -5.1927003976388075
          ],
          [
            -7.809330072409234,
            -5.56983039227363
          ],
          [
            -7.809330072409234,
            -5.946960386908451
          ],
          [
            -7.809330072409234,
            -6.324090381543273
          ],
          [
            -7.809330072409234,
            -6.701220376178094
          ],
          [
            -7.538491717025864,
            -6.701220376178094
          ],
          [
            -7.267653361642494,
            -6.701220376178094
          ],
          [
            -6.996815006259124,
            -6.701220376178094
          ],
          [
            -6.7259766508757535,
            -6.701220376178094
          ],
          [
            -6.455138295492384,
            -6.701220376178094
          ],
          [
            -6.184299940109014,
            -6.701220376178094
          ],
          [
            -6.184299940109014,
            -6.324090381543273
          ],
          [
            -6.184299940109014,
            -5.946960386908451
          ],
          [
            -6.455138295492384,
            -5.56983039227363
          ],
          [
            -6.455138295492384,
            -5.1927003976388075
          ],
          [
            -6.455138295492384,
            -4.815570403003987
          ],
          [
            -6.7259766508757535,
            -4.438440408369164
          ],
          [
            -6.996815006259124,
            -4.438440408369164
          ],
          [
            -7.267653361642494,
            -4.815570403003987
          ],
          [
            -7.538491717025864,
            -4.438440408369164
          ],
          [
            -7.809330072409234,
            -4.815570403003987
          ],
          [
            -7.538491717025864,
            -5.1927003976388075
          ],
          [
            -7.538491717025864,
            -5.56983039227363
          ],
          [
            -7.538491717025864,
            -5.946960386908451
          ],
          [
            -7.538491717025864,
            -6.324090381543273
          ],
          [
            -7.267653361642494,
            -5.946960386908451
          ],
          [
            -6.996815006259124,
            -5.56983039227363
          ],
          [
            -6.7259766508757535,
            -5.1927003976388075
          ],
          [
            -6.455138295492384,
            -4.815570403003987
          ],
          [
            -6.184299940109014,
            -4.815570403003987
          ],
          [
            -5.913461584725644,
            -4.438440408369164
          ],
          [
            -5.642623229342274,
            -4.061310413734343
          ],
          [
            -5.371784873958903,
            -3.6841804190995227
          ],
          [
            -5.371784873958903,
            -3.3070504244647
          ],
          [
            -5.371784873958903,
            -2.9299204298298793
          ],
          [
            -5.371784873958903,
            -2.5527904351950568
          ],
          [
            -5.371784873958903,
            -2.175660440560236
          ],
          [
            -5.371784873958903,
            -1.7985304459254152
          ],
          [
            -5.100946518575534,
            -1.7985304459254152
          ],
          [
            -4.830108163192163,
            -1.7985304459254152
          ],
          [
            -4.830108163192163,
            -1.421400451290591
          ],
          [
            -4.559269807808793,
            -1.421400451290591
          ],
          [
            -4.559269807808793,
            -1.0442704566557701
          ],
          [
            -4.559269807808793,
            -0.6671404620209493
          ],
          [
            -4.288431452425424,
            -0.6671404620209493
          ],
          [
            -4.288431452425424,
            -1.0442704566557701
          ],
          [
            -4.288431452425424,
            -1.421400451290591
          ],
          [
            -4.288431452425424,
            -1.7985304459254152
          ],
          [
            -4.559269807808793,
            -1.7985304459254152
          ],
          [
            -4.830108163192163,
            -1.421400451290591
          ],
          [
            -5.100946518575534,
            -1.0442704566557701
          ],
          [
            -4.830108163192163,
            -1.0442704566557701
          ],
          [
            -5.100946518575534,
            -0.6671404620209493
          ],
          [
            -4.830108163192163,
            -0.6671404620209493
          ],
          [
            -5.100946518575534,
            -1.0442704566557701
          ],
          [
            -5.371784873958903,
            -1.421400451290591
          ],
          [
            -5.371784873958903,
            -1.0442704566557701
          ],
          [
            -5.100946518575534,
            -0.6671404620209493
          ],
          [
            -4.830108163192163,
            -0.29001046738612857
          ],
          [
            -4.559269807808793,
            -0.29001046738612857
          ],
          [
            -4.288431452425424,
            -0.29001046738612857
          ],
          [
            -4.017593097042054,
            -0.6671404620209493
          ],
          [
            -4.017593097042054,
            -1.0442704566557701
          ],
          [
            -4.017593097042054,
            -1.421400451290591
          ],
          [
            -4.017593097042054,
            -1.7985304459254152
          ],
          [
            -4.017593097042054,
            -2.175660440560236
          ],
          [
            -4.017593097042054,
            -2.5527904351950568
          ],
          [
            -4.288431452425424,
            -2.5527904351950568
          ],
          [
            -4.559269807808793,
            -2.175660440560236
          ],
          [
            -4.830108163192163,
            -2.5527904351950568
          ],
          [
            -5.100946518575534,
            -2.175660440560236
          ],
          [
            -5.100946518575534,
            -1.7985304459254152
          ],
          [
            -5.100946518575534,
            -1.421400451290591
          ],
          [
            -5.371784873958903,
            -1.0442704566557701
          ],
          [
            -5.371784873958903,
            -0.6671404620209493
          ],
          [
            -5.371784873958903,
            -0.29001046738612857
          ],
          [
            -5.100946518575534,
            -0.6671404620209493
          ],
          [
            -4.830108163192163,
            -1.0442704566557701
          ],
          [
            -4.559269807808793,
            -1.421400451290591
          ],
          [
            -4.288431452425424,
            -1.7985304459254152
          ],
          [
            -4.017593097042054,
            -2.175660440560236
          ],
          [
            -3.746754741658684,
            -2.175660440560236
          ],
          [
            -3.746754741658684,
            -2.5527904351950568
          ],
          [
            -4.017593097042054,
            -2.9299204298298793
          ],
          [
            -4.288431452425424,
            -3.3070504244647
          ],
          [
            -4.559269807808793,
            -3.6841804190995227
          ],
          [
            -4.830108163192163,
            -4.061310413734343
          ],
          [
            -5.100946518575534,
            -4.438440408369164
          ],
          [
            -5.371784873958903,
            -4.815570403003987
          ],
          [
            -5.642623229342274,
            -5.1927003976388075
          ],
          [
            -5.913461584725644,
            -5.56983039227363
          ],
          [
            -6.184299940109014,
            -5.946960386908451
          ],
          [
            -6.455138295492384,
            -5.946960386908451
          ],
          [
            -6.7259766508757535,
            -6.324090381543273
          ],
          [
            -6.996815006259124,
            -6.324090381543273
          ],
          [
            -7.267653361642494,
            -6.324090381543273
          ],
          [
            -7.538491717025864,
            -6.324090381543273
          ],
          [
            -7.809330072409234,
            -6.324090381543273
          ],
          [
            -8.080168427792604,
            -6.324090381543273
          ],
          [
            -8.351006783175974,
            -6.324090381543273
          ],
          [
            -8.621845138559344,
            -6.324090381543273
          ],
          [
            -8.892683493942714,
            -6.324090381543273
          ],
          [
            -9.163521849326084,
            -6.701220376178094
          ],
          [
            -9.434360204709455,
            -6.701220376178094
          ],
          [
            -9.705198560092825,
            -6.701220376178094
          ],
          [
            -9.976036915476193,
            -6.701220376178094
          ],
          [
            -10.246875270859565,
            -6.701220376178094
          ],
          [
            -10.517713626242934,
            -7.078350370812917
          ],
          [
            -10.788551981626304,
            -7.4554803654477375
          ],
          [
            -11.059390337009674,
            -7.4554803654477375
          ],
          [
            -11.330228692393044,
            -7.4554803654477375
          ],
          [
            -11.601067047776414,
            -7.078350370812917
          ],
          [
            -11.601067047776414,
            -6.701220376178094
          ],
          [
            -11.330228692393044,
            -7.078350370812917
          ],
          [
            -11.059390337009674,
            -6.701220376178094
          ],
          [
            -10.788551981626304,
            -6.701220376178094
          ],
          [
            -10.788551981626304,
            -6.324090381543273
          ],
          [
            -11.059390337009674,
            -6.324090381543273
          ],
          [
            -11.330228692393044,
            -5.946960386908451
          ],
          [
            -11.330228692393044,
            -5.56983039227363
          ],
          [
            -11.601067047776414,
            -5.946960386908451
          ],
          [
            -11.871905403159785,
            -6.324090381543273
          ],
          [
            -11.871905403159785,
            -6.701220376178094
          ],
          [
            -11.871905403159785,
            -7.078350370812917
          ],
          [
            -11.871905403159785,
            -7.4554803654477375
          ],
          [
            -11.601067047776414,
            -7.832610360082558
          ],
          [
            -11.330228692393044,
            -7.832610360082558
          ],
          [
            -11.059390337009674,
            -7.832610360082558
          ],
          [
            -10.788551981626304,
            -7.832610360082558
          ],
          [
            -10.517713626242934,
            -7.4554803654477375
          ],
          [
            -10.246875270859565,
            -7.078350370812917
          ],
          [
            -10.517713626242934,
            -6.701220376178094
          ],
          [
            -10.788551981626304,
            -6.324090381543273
          ],
          [
            -11.059390337009674,
            -5.946960386908451
          ],
          [
            -11.330228692393044,
            -5.56983039227363
          ],
          [
            -11.601067047776414,
            -5.56983039227363
          ],
          [
            -11.871905403159785,
            -5.56983039227363
          ],
          [
            -11.871905403159785,
            -5.946960386908451
          ],
          [
            -11.601067047776414,
            -5.56983039227363
          ],
          [
            -11.330228692393044,
            -5.56983039227363
          ],
          [
            -11.059390337009674,
            -5.56983039227363
          ],
          [
            -10.788551981626304,
            -5.946960386908451
          ],
          [
            -10.517713626242934,
            -6.324090381543273
          ],
          [
            -10.246875270859565,
            -6.701220376178094
          ],
          [
            -10.246875270859565,
            -7.078350370812917
          ],
          [
            -10.246875270859565,
            -7.4554803654477375
          ],
          [
            -10.246875270859565,
            -7.832610360082558
          ],
          [
            -10.517713626242934,
            -7.4554803654477375
          ],
          [
            -10.788551981626304,
            -7.078350370812917
          ],
          [
            -11.059390337009674,
            -7.4554803654477375
          ],
          [
            -11.330228692393044,
            -7.4554803654477375
          ],
          [
            -11.601067047776414,
            -7.4554803654477375
          ],
          [
            -11.871905403159785,
            -7.832610360082558
          ],
          [
            -12.142743758543155,
            -8.20974035471738
          ],
          [
            -12.142743758543155,
            -8.586870349352202
          ],
          [
            -12.142743758543155,
            -8.964000343987024
          ],
          [
            -12.142743758543155,
            -9.341130338621845
          ],
          [
            -12.142743758543155,
            -9.718260333256667
          ],
          [
            -12.142743758543155,
            -10.095390327891488
          ],
          [
            -11.871905403159785,
            -10.47252032252631
          ],
          [
            -11.871905403159785,
            -10.849650317161132
          ],
          [
            -11.871905403159785,
            -11.226780311795952
          ],
          [
            -11.871905403159785,
            -11.603910306430775
          ],
          [
            -11.871905403159785,
            -11.981040301065596
          ],
          [
            -11.871905403159785,
            -12.358170295700418
          ],
          [
            -11.871905403159785,
            -12.735300290335239
          ],
          [
            -11.871905403159785,
            -13.11243028497006
          ],
          [
            -11.601067047776414,
            -13.489560279604882
          ],
          [
            -11.601067047776414,
            -13.866690274239705
          ],
          [
            -11.601067047776414,
            -14.243820268874526
          ],
          [
            -11.601067047776414,
            -14.620950263509346
          ],
          [
            -11.601067047776414,
            -14.998080258144169
          ],
          [
            -11.601067047776414,
            -15.37521025277899
          ],
          [
            -11.601067047776414,
            -15.752340247413812
          ],
          [
            -11.601067047776414,
            -16.129470242048633
          ],
          [
            -11.330228692393044,
            -16.129470242048633
          ],
          [
            -11.059390337009674,
            -16.129470242048633
          ],
          [
            -11.059390337009674,
            -15.752340247413812
          ],
          [
            -11.059390337009674,
            -15.37521025277899
          ],
          [
            -11.059390337009674,
            -14.998080258144169
          ],
          [
            -11.330228692393044,
            -14.998080258144169
          ],
          [
            -11.330228692393044,
            -15.37521025277899
          ],
          [
            -11.330228692393044,
            -15.752340247413812
          ],
          [
            -11.601067047776414,
            -15.752340247413812
          ],
          [
            -11.871905403159785,
            -15.752340247413812
          ],
          [
            -12.142743758543155,
            -15.37521025277899
          ],
          [
            -12.142743758543155,
            -14.998080258144169
          ],
          [
            -11.871905403159785,
            -14.998080258144169
          ],
          [
            -11.871905403159785,
            -15.37521025277899
          ],
          [
            -11.871905403159785,
            -15.752340247413812
          ],
          [
            -11.871905403159785,
            -16.129470242048633
          ],
          [
            -11.601067047776414,
            -16.506600236683454
          ],
          [
            -11.330228692393044,
            -16.506600236683454
          ],
          [
            -11.330228692393044,
            -16.883730231318275
          ],
          [
            -11.059390337009674,
            -16.883730231318275
          ],
          [
            -11.059390337009674,
            -16.506600236683454
          ],
          [
            -10.788551981626304,
            -16.506600236683454
          ],
          [
            -10.788551981626304,
            -16.129470242048633
          ],
          [
            -10.788551981626304,
            -15.752340247413812
          ],
          [
            -10.788551981626304,
            -15.37521025277899
          ],
          [
            -10.788551981626304,
            -14.998080258144169
          ],
          [
            -11.059390337009674,
            -14.620950263509346
          ],
          [
            -11.330228692393044,
            -14.620950263509346
          ],
          [
            -11.601067047776414,
            -14.620950263509346
          ],
          [
            -11.871905403159785,
            -14.620950263509346
          ],
          [
            -12.142743758543155,
            -14.620950263509346
          ],
          [
            -12.413582113926525,
            -14.620950263509346
          ],
          [
            -12.413582113926525,
            -14.998080258144169
          ],
          [
            -12.413582113926525,
            -15.37521025277899
          ],
          [
            -12.142743758543155,
            -15.752340247413812
          ],
          [
            -11.871905403159785,
            -16.129470242048633
          ],
          [
            -11.601067047776414,
            -16.506600236683454
          ],
          [
            -11.330228692393044,
            -16.883730231318275
          ],
          [
            -11.059390337009674,
            -16.883730231318275
          ],
          [
            -10.788551981626304,
            -16.883730231318275
          ],
          [
            -11.059390337009674,
            -17.2608602259531
          ],
          [
            -11.330228692393044,
            -17.2608602259531
          ],
          [
            -11.601067047776414,
            -17.2608602259531
          ],
          [
            -11.871905403159785,
            -17.63799022058792
          ],
          [
            -12.142743758543155,
            -17.2608602259531
          ],
          [
            -12.142743758543155,
            -16.883730231318275
          ],
          [
            -12.142743758543155,
            -16.506600236683454
          ],
          [
            -12.413582113926525,
            -16.129470242048633
          ],
          [
            -12.684420469309895,
            -16.506600236683454
          ],
          [
            -12.684420469309895,
            -16.883730231318275
          ],
          [
            -12.684420469309895,
            -17.2608602259531
          ],
          [
            -12.413582113926525,
            -17.2608602259531
          ],
          [
            -12.413582113926525,
            -16.883730231318275
          ],
          [
            -12.413582113926525,
            -16.506600236683454
          ],
          [
            -12.684420469309895,
            -16.129470242048633
          ],
          [
            -12.955258824693265,
            -16.129470242048633
          ],
          [
            -12.955258824693265,
            -16.506600236683454
          ],
          [
            -12.955258824693265,
            -16.883730231318275
          ],
          [
            -12.955258824693265,
            -17.2608602259531
          ],
          [
            -12.955258824693265,
            -17.63799022058792
          ],
          [
            -12.684420469309895,
            -17.63799022058792
          ],
          [
            -12.413582113926525,
            -17.63799022058792
          ],
          [
            -12.142743758543155,
            -17.63799022058792
          ],
          [
            -11.871905403159785,
            -17.2608602259531
          ],
          [
            -11.871905403159785,
            -16.883730231318275
          ],
          [
            -11.871905403159785,
            -16.506600236683454
          ],
          [
            -12.142743758543155,
            -16.129470242048633
          ],
          [
            -12.413582113926525,
            -15.752340247413812
          ],
          [
            -12.684420469309895,
            -15.752340247413812
          ],
          [
            -12.955258824693265,
            -15.752340247413812
          ],
          [
            -12.684420469309895,
            -16.129470242048633
          ],
          [
            -12.413582113926525,
            -16.506600236683454
          ],
          [
            -12.142743758543155,
            -16.883730231318275
          ],
          [
            -11.871905403159785,
            -17.2608602259531
          ],
          [
            -11.601067047776414,
            -17.63799022058792
          ],
          [
            -11.330228692393044,
            -17.2608602259531
          ],
          [
            -11.059390337009674,
            -16.883730231318275
          ],
          [
            -10.788551981626304,
            -16.506600236683454
          ],
          [
            -10.517713626242934,
            -16.129470242048633
          ],
          [
            -10.246875270859565,
            -15.752340247413812
          ],
          [
            -9.976036915476193,
            -15.37521025277899
          ],
          [
            -9.705198560092825,
            -14.998080258144169
          ],
          [
            -9.434360204709455,
            -14.620950263509346
          ],
          [
            -9.163521849326084,
            -14.243820268874526
          ],
          [
            -8.892683493942714,
            -13.866690274239705
          ],
          [
            -8.621845138559344,
            -13.489560279604882
          ],
          [
            -8.351006783175974,
            -13.11243028497006
          ],
          [
            -8.080168427792604,
            -12.735300290335239
          ],
          [
            -7.809330072409234,
            -12.358170295700418
          ],
          [
            -7.538491717025864,
            -11.981040301065596
          ],
          [
            -7.267653361642494,
            -11.603910306430775
          ],
          [
            -6.996815006259124,
            -11.226780311795952
          ],
          [
            -6.996815006259124,
            -10.849650317161132
          ],
          [
            -6.996815006259124,
            -10.47252032252631
          ],
          [
            -6.996815006259124,
            -10.095390327891488
          ],
          [
            -6.996815006259124,
            -9.718260333256667
          ],
          [
            -6.996815006259124,
            -9.341130338621845
          ],
          [
            -6.996815006259124,
            -8.964000343987024
          ],
          [
            -6.7259766508757535,
            -8.586870349352202
          ],
          [
            -6.7259766508757535,
            -8.20974035471738
          ],
          [
            -6.7259766508757535,
            -7.832610360082558
          ],
          [
            -6.7259766508757535,
            -7.4554803654477375
          ],
          [
            -6.7259766508757535,
            -7.078350370812917
          ],
          [
            -6.7259766508757535,
            -6.701220376178094
          ],
          [
            -6.7259766508757535,
            -6.324090381543273
          ],
          [
            -6.7259766508757535,
            -5.946960386908451
          ],
          [
            -6.455138295492384,
            -5.56983039227363
          ],
          [
            -6.455138295492384,
            -5.1927003976388075
          ],
          [
            -6.455138295492384,
            -4.815570403003987
          ],
          [
            -6.455138295492384,
            -4.438440408369164
          ],
          [
            -6.455138295492384,
            -4.061310413734343
          ],
          [
            -6.455138295492384,
            -3.6841804190995227
          ],
          [
            -6.455138295492384,
            -3.3070504244647
          ],
          [
            -6.184299940109014,
            -3.3070504244647
          ],
          [
            -6.184299940109014,
            -2.9299204298298793
          ],
          [
            -6.455138295492384,
            -2.9299204298298793
          ],
          [
            -6.7259766508757535,
            -2.9299204298298793
          ],
          [
            -6.996815006259124,
            -3.3070504244647
          ],
          [
            -6.996815006259124,
            -3.6841804190995227
          ],
          [
            -6.7259766508757535,
            -3.6841804190995227
          ],
          [
            -6.7259766508757535,
            -3.3070504244647
          ],
          [
            -6.455138295492384,
            -3.6841804190995227
          ],
          [
            -6.184299940109014,
            -3.6841804190995227
          ],
          [
            -5.913461584725644,
            -3.6841804190995227
          ],
          [
            -5.913461584725644,
            -3.3070504244647
          ],
          [
            -5.913461584725644,
            -2.9299204298298793
          ],
          [
            -6.184299940109014,
            -2.5527904351950568
          ],
          [
            -6.184299940109014,
            -2.175660440560236
          ],
          [
            -6.455138295492384,
            -2.175660440560236
          ],
          [
            -6.7259766508757535,
            -2.175660440560236
          ],
          [
            -6.7259766508757535,
            -2.5527904351950568
          ],
          [
            -6.996815006259124,
            -2.9299204298298793
          ],
          [
            -6.996815006259124,
            -3.3070504244647
          ],
          [
            -6.996815006259124,
            -3.6841804190995227
          ],
          [
            -6.996815006259124,
            -4.061310413734343
          ],
          [
            -6.7259766508757535,
            -4.061310413734343
          ],
          [
            -6.455138295492384,
            -4.061310413734343
          ],
          [
            -6.184299940109014,
            -4.061310413734343
          ],
          [
            -6.184299940109014,
            -4.438440408369164
          ],
          [
            -5.913461584725644,
            -4.061310413734343
          ],
          [
            -5.913461584725644,
            -3.6841804190995227
          ],
          [
            -5.913461584725644,
            -3.3070504244647
          ],
          [
            -5.913461584725644,
            -2.9299204298298793
          ],
          [
            -5.913461584725644,
            -2.5527904351950568
          ],
          [
            -5.913461584725644,
            -2.175660440560236
          ],
          [
            -6.184299940109014,
            -1.7985304459254152
          ],
          [
            -6.455138295492384,
            -1.7985304459254152
          ],
          [
            -6.7259766508757535,
            -1.7985304459254152
          ],
          [
            -6.996815006259124,
            -2.175660440560236
          ],
          [
            -7.267653361642494,
            -2.5527904351950568
          ],
          [
            -7.267653361642494,
            -2.9299204298298793
          ],
          [
            -7.267653361642494,
            -3.3070504244647
          ],
          [
            -7.267653361642494,
            -3.6841804190995227
          ],
          [
            -7.267653361642494,
            -4.061310413734343
          ],
          [
            -6.996815006259124,
            -3.6841804190995227
          ],
          [
            -6.7259766508757535,
            -3.3070504244647
          ],
          [
            -6.455138295492384,
            -2.9299204298298793
          ],
          [
            -6.184299940109014,
            -2.5527904351950568
          ],
          [
            -5.913461584725644,
            -2.175660440560236
          ],
          [
            -5.642623229342274,
            -1.7985304459254152
          ],
          [
            -5.371784873958903,
            -1.421400451290591
          ],
          [
            -5.100946518575534,
            -1.421400451290591
          ],
          [
            -4.830108163192163,
            -1.421400451290591
          ],
          [
            -4.559269807808793,
            -1.421400451290591
          ],
          [
            -4.288431452425424,
            -1.421400451290591
          ],
          [
            -4.017593097042054,
            -1.421400451290591
          ],
          [
            -3.746754741658684,
            -1.421400451290591
          ],
          [
            -3.4759163862753137,
            -1.421400451290591
          ],
          [
            -3.2050780308919435,
            -1.421400451290591
          ],
          [
            -2.9342396755085733,
            -1.421400451290591
          ],
          [
            -2.663401320125203,
            -1.421400451290591
          ],
          [
            -2.663401320125203,
            -1.0442704566557701
          ],
          [
            -2.663401320125203,
            -0.6671404620209493
          ],
          [
            -2.392562964741833,
            -0.6671404620209493
          ],
          [
            -2.392562964741833,
            -0.29001046738612857
          ],
          [
            -2.1217246093584627,
            -0.29001046738612857
          ],
          [
            -1.8508862539750925,
            -0.29001046738612857
          ],
          [
            -1.8508862539750925,
            -0.6671404620209493
          ],
          [
            -1.8508862539750925,
            -1.0442704566557701
          ],
          [
            -1.8508862539750925,
            -1.421400451290591
          ],
          [
            -1.8508862539750925,
            -1.7985304459254152
          ],
          [
            -2.1217246093584627,
            -1.421400451290591
          ],
          [
            -2.392562964741833,
            -1.0442704566557701
          ],
          [
            -2.1217246093584627,
            -0.6671404620209493
          ],
          [
            -2.1217246093584627,
            -0.29001046738612857
          ],
          [
            -2.1217246093584627,
            0.08711952724869221
          ],
          [
            -1.8508862539750925,
            0.08711952724869221
          ],
          [
            -1.5800478985917223,
            0.08711952724869221
          ],
          [
            -1.5800478985917223,
            -0.29001046738612857
          ],
          [
            -1.5800478985917223,
            -0.6671404620209493
          ],
          [
            -1.5800478985917223,
            -1.0442704566557701
          ],
          [
            -1.5800478985917223,
            -1.421400451290591
          ],
          [
            -1.8508862539750925,
            -1.7985304459254152
          ],
          [
            -2.1217246093584627,
            -1.7985304459254152
          ],
          [
            -2.392562964741833,
            -1.7985304459254152
          ],
          [
            -2.392562964741833,
            -1.421400451290591
          ],
          [
            -2.663401320125203,
            -1.0442704566557701
          ],
          [
            -2.663401320125203,
            -0.6671404620209493
          ],
          [
            -2.663401320125203,
            -0.29001046738612857
          ],
          [
            -2.663401320125203,
            0.08711952724869221
          ],
          [
            -2.392562964741833,
            0.08711952724869221
          ],
          [
            -2.392562964741833,
            0.46424952188351654
          ],
          [
            -2.1217246093584627,
            0.46424952188351654
          ],
          [
            -1.8508862539750925,
            0.46424952188351654
          ],
          [
            -1.5800478985917223,
            0.46424952188351654
          ],
          [
            -1.8508862539750925,
            0.08711952724869221
          ],
          [
            -2.1217246093584627,
            -0.29001046738612857
          ],
          [
            -2.392562964741833,
            -0.6671404620209493
          ],
          [
            -2.392562964741833,
            -1.0442704566557701
          ],
          [
            -2.392562964741833,
            -1.421400451290591
          ],
          [
            -2.392562964741833,
            -1.7985304459254152
          ],
          [
            -2.392562964741833,
            -2.175660440560236
          ],
          [
            -2.1217246093584627,
            -1.7985304459254152
          ],
          [
            -1.8508862539750925,
            -1.7985304459254152
          ],
          [
            -1.5800478985917223,
            -1.7985304459254152
          ],
          [
            -1.309209543208354,
            -1.421400451290591
          ],
          [
            -1.0383711878249837,
            -1.0442704566557701
          ],
          [
            -1.0383711878249837,
            -0.6671404620209493
          ],
          [
            -1.0383711878249837,
            -0.29001046738612857
          ],
          [
            -0.7675328324416135,
            -0.29001046738612857
          ],
          [
            -0.4966944770582433,
            -0.29001046738612857
          ],
          [
            -0.22585612167487312,
            -0.29001046738612857
          ],
          [
            -0.22585612167487312,
            -0.6671404620209493
          ],
          [
            0.04498223370849708,
            -0.6671404620209493
          ],
          [
            0.04498223370849708,
            -0.29001046738612857
          ],
          [
            0.04498223370849708,
            0.08711952724869221
          ],
          [
            0.04498223370849708,
            0.46424952188351654
          ],
          [
            -0.22585612167487312,
            0.46424952188351654
          ],
          [
            -0.4966944770582433,
            0.08711952724869221
          ],
          [
            -0.22585612167487312,
            0.08711952724869221
          ],
          [
            0.04498223370849708,
            0.08711952724869221
          ],
          [
            0.3158205890918673,
            0.08711952724869221
          ],
          [
            0.3158205890918673,
            -0.29001046738612857
          ],
          [
            0.3158205890918673,
            -0.6671404620209493
          ],
          [
            0.04498223370849708,
            -1.0442704566557701
          ],
          [
            0.04498223370849708,
            -1.421400451290591
          ],
          [
            -0.22585612167487312,
            -1.421400451290591
          ],
          [
            -0.22585612167487312,
            -1.0442704566557701
          ],
          [
            -0.4966944770582433,
            -0.6671404620209493
          ],
          [
            -0.7675328324416135,
            -0.29001046738612857
          ],
          [
            -0.7675328324416135,
            0.08711952724869221
          ],
          [
            -1.0383711878249837,
            0.46424952188351654
          ],
          [
            -1.0383711878249837,
            0.8413795165183373
          ],
          [
            -0.7675328324416135,
            0.46424952188351654
          ],
          [
            -0.4966944770582433,
            0.8413795165183373
          ],
          [
            -0.22585612167487312,
            0.8413795165183373
          ],
          [
            0.04498223370849708,
            0.8413795165183373
          ],
          [
            0.3158205890918673,
            0.8413795165183373
          ],
          [
            0.3158205890918673,
            0.46424952188351654
          ],
          [
            0.3158205890918673,
            0.08711952724869221
          ],
          [
            0.3158205890918673,
            -0.29001046738612857
          ],
          [
            0.3158205890918673,
            -0.6671404620209493
          ],
          [
            0.3158205890918673,
            -1.0442704566557701
          ],
          [
            0.04498223370849708,
            -1.421400451290591
          ],
          [
            -0.22585612167487312,
            -1.421400451290591
          ],
          [
            -0.4966944770582433,
            -1.421400451290591
          ],
          [
            -0.7675328324416135,
            -1.421400451290591
          ],
          [
            -0.7675328324416135,
            -1.0442704566557701
          ],
          [
            -0.7675328324416135,
            -0.6671404620209493
          ],
          [
            -0.4966944770582433,
            -1.0442704566557701
          ],
          [
            -0.22585612167487312,
            -1.421400451290591
          ],
          [
            0.04498223370849708,
            -1.421400451290591
          ],
          [
            0.3158205890918673,
            -1.421400451290591
          ],
          [
            0.04498223370849708,
            -1.0442704566557701
          ],
          [
            -0.22585612167487312,
            -0.6671404620209493
          ],
          [
            -0.4966944770582433,
            -0.29001046738612857
          ],
          [
            -0.7675328324416135,
            0.08711952724869221
          ],
          [
            -1.0383711878249837,
            0.08711952724869221
          ],
          [
            -1.309209543208354,
            0.08711952724869221
          ],
          [
            -1.5800478985917223,
            0.46424952188351654
          ],
          [
            -1.8508862539750925,
            0.46424952188351654
          ],
          [
            -2.1217246093584627,
            0.46424952188351654
          ],
          [
            -2.392562964741833,
            0.46424952188351654
          ],
          [
            -2.663401320125203,
            0.46424952188351654
          ],
          [
            -2.9342396755085733,
            0.8413795165183373
          ],
          [
            -3.2050780308919435,
            0.46424952188351654
          ],
          [
            -3.2050780308919435,
            0.08711952724869221
          ],
          [
            -3.4759163862753137,
            -0.29001046738612857
          ],
          [
            -3.746754741658684,
            0.08711952724869221
          ],
          [
            -3.746754741658684,
            0.46424952188351654
          ],
          [
            -3.4759163862753137,
            0.8413795165183373
          ],
          [
            -3.4759163862753137,
            0.46424952188351654
          ],
          [
            -3.4759163862753137,
            0.08711952724869221
          ],
          [
            -3.746754741658684,
            -0.29001046738612857
          ],
          [
            -4.017593097042054,
            -0.29001046738612857
          ],
          [
            -4.288431452425424,
            0.08711952724869221
          ],
          [
            -4.288431452425424,
            0.46424952188351654
          ],
          [
            -4.017593097042054,
            0.8413795165183373
          ],
          [
            -4.017593097042054,
            0.46424952188351654
          ],
          [
            -4.017593097042054,
            0.08711952724869221
          ],
          [
            -3.746754741658684,
            0.46424952188351654
          ],
          [
            -3.746754741658684,
            0.8413795165183373
          ],
          [
            -3.4759163862753137,
            0.8413795165183373
          ],
          [
            -3.2050780308919435,
            0.8413795165183373
          ],
          [
            -2.9342396755085733,
            0.46424952188351654
          ],
          [
            -2.9342396755085733,
            0.08711952724869221
          ],
          [
            -3.2050780308919435,
            -0.29001046738612857
          ],
          [
            -2.9342396755085733,
            -0.29001046738612857
          ],
          [
            -3.2050780308919435,
            -0.6671404620209493
          ],
          [
            -3.4759163862753137,
            -0.6671404620209493
          ],
          [
            -3.746754741658684,
            -0.6671404620209493
          ],
          [
            -4.017593097042054,
            -0.29001046738612857
          ],
          [
            -4.288431452425424,
            0.08711952724869221
          ],
          [
            -4.288431452425424,
            0.46424952188351654
          ],
          [
            -4.288431452425424,
            0.8413795165183373
          ],
          [
            -4.017593097042054,
            0.8413795165183373
          ],
          [
            -3.746754741658684,
            0.8413795165183373
          ],
          [
            -3.4759163862753137,
            0.8413795165183373
          ],
          [
            -3.2050780308919435,
            0.8413795165183373
          ],
          [
            -2.9342396755085733,
            0.8413795165183373
          ],
          [
            -2.663401320125203,
            0.8413795165183373
          ],
          [
            -2.9342396755085733,
            0.46424952188351654
          ],
          [
            -3.2050780308919435,
            0.08711952724869221
          ],
          [
            -3.4759163862753137,
            -0.29001046738612857
          ],
          [
            -3.746754741658684,
            -0.6671404620209493
          ],
          [
            -4.017593097042054,
            -1.0442704566557701
          ],
          [
            -4.288431452425424,
            -1.421400451290591
          ],
          [
            -4.559269807808793,
            -1.7985304459254152
          ],
          [
            -4.830108163192163,
            -2.175660440560236
          ],
          [
            -5.100946518575534,
            -2.5527904351950568
          ],
          [
            -5.371784873958903,
            -2.9299204298298793
          ],
          [
            -5.642623229342274,
            -3.3070504244647
          ],
          [
            -5.913461584725644,
            -3.6841804190995227
          ],
          [
            -6.184299940109014,
            -4.061310413734343
          ],
          [
            -6.455138295492384,
            -4.438440408369164
          ],
          [
            -6.7259766508757535,
            -4.438440408369164
          ],
          [
            -6.996815006259124,
            -4.438440408369164
          ],
          [
            -7.267653361642494,
            -4.815570403003987
          ],
          [
            -7.538491717025864,
            -4.815570403003987
          ],
          [
            -7.809330072409234,
            -4.815570403003987
          ],
          [
            -8.080168427792604,
            -4.815570403003987
          ],
          [
            -8.351006783175974,
            -4.815570403003987
          ],
          [
            -8.621845138559344,
            -4.815570403003987
          ],
          [
            -8.892683493942714,
            -4.438440408369164
          ],
          [
            -8.892683493942714,
            -4.061310413734343
          ],
          [
            -9.163521849326084,
            -3.6841804190995227
          ],
          [
            -9.163521849326084,
            -3.3070504244647
          ],
          [
            -9.434360204709455,
            -3.6841804190995227
          ],
          [
            -9.434360204709455,
            -4.061310413734343
          ],
          [
            -9.163521849326084,
            -4.061310413734343
          ],
          [
            -9.163521849326084,
            -4.438440408369164
          ],
          [
            -8.892683493942714,
            -4.815570403003987
          ],
          [
            -8.621845138559344,
            -4.438440408369164
          ],
          [
            -8.621845138559344,
            -4.061310413734343
          ],
          [
            -8.892683493942714,
            -3.6841804190995227
          ],
          [
            -8.892683493942714,
            -3.3070504244647
          ],
          [
            -9.163521849326084,
            -2.9299204298298793
          ],
          [
            -9.434360204709455,
            -2.9299204298298793
          ],
          [
            -9.705198560092825,
            -3.3070504244647
          ],
          [
            -9.434360204709455,
            -3.3070504244647
          ],
          [
            -9.163521849326084,
            -3.6841804190995227
          ],
          [
            -8.892683493942714,
            -4.061310413734343
          ],
          [
            -8.892683493942714,
            -4.438440408369164
          ],
          [
            -8.892683493942714,
            -4.815570403003987
          ],
          [
            -8.892683493942714,
            -5.1927003976388075
          ],
          [
            -8.621845138559344,
            -5.1927003976388075
          ],
          [
            -8.351006783175974,
            -5.1927003976388075
          ],
          [
            -8.621845138559344,
            -4.815570403003987
          ],
          [
            -8.892683493942714,
            -4.438440408369164
          ],
          [
            -9.163521849326084,
            -4.061310413734343
          ],
          [
            -9.163521849326084,
            -3.6841804190995227
          ],
          [
            -9.163521849326084,
            -3.3070504244647
          ],
          [
            -9.163521849326084,
            -2.9299204298298793
          ],
          [
            -9.163521849326084,
            -2.5527904351950568
          ],
          [
            -8.892683493942714,
            -2.175660440560236
          ],
          [
            -8.621845138559344,
            -2.175660440560236
          ],
          [
            -8.351006783175974,
            -2.175660440560236
          ],
          [
            -8.080168427792604,
            -2.175660440560236
          ],
          [
            -8.080168427792604,
            -2.5527904351950568
          ],
          [
            -7.809330072409234,
            -2.5527904351950568
          ],
          [
            -7.809330072409234,
            -2.175660440560236
          ],
          [
            -7.538491717025864,
            -2.175660440560236
          ],
          [
            -7.538491717025864,
            -2.5527904351950568
          ],
          [
            -7.809330072409234,
            -2.9299204298298793
          ],
          [
            -7.809330072409234,
            -3.3070504244647
          ],
          [
            -7.538491717025864,
            -3.3070504244647
          ],
          [
            -7.538491717025864,
            -2.9299204298298793
          ],
          [
            -7.267653361642494,
            -2.5527904351950568
          ],
          [
            -7.267653361642494,
            -2.175660440560236
          ],
          [
            -7.267653361642494,
            -1.7985304459254152
          ],
          [
            -7.538491717025864,
            -1.7985304459254152
          ],
          [
            -7.809330072409234,
            -1.7985304459254152
          ],
          [
            -8.080168427792604,
            -1.7985304459254152
          ],
          [
            -8.351006783175974,
            -1.7985304459254152
          ],
          [
            -8.080168427792604,
            -2.175660440560236
          ],
          [
            -8.080168427792604,
            -2.5527904351950568
          ],
          [
            -8.080168427792604,
            -2.9299204298298793
          ],
          [
            -7.809330072409234,
            -3.3070504244647
          ],
          [
            -7.538491717025864,
            -3.6841804190995227
          ],
          [
            -7.538491717025864,
            -4.061310413734343
          ],
          [
            -7.267653361642494,
            -3.6841804190995227
          ],
          [
            -6.996815006259124,
            -3.3070504244647
          ],
          [
            -6.996815006259124,
            -2.9299204298298793
          ],
          [
            -6.996815006259124,
            -2.5527904351950568
          ],
          [
            -6.996815006259124,
            -2.175660440560236
          ],
          [
            -6.996815006259124,
            -1.7985304459254152
          ],
          [
            -7.267653361642494,
            -2.175660440560236
          ],
          [
            -7.538491717025864,
            -2.5527904351950568
          ],
          [
            -7.809330072409234,
            -2.9299204298298793
          ],
          [
            -8.080168427792604,
            -3.3070504244647
          ],
          [
            -8.351006783175974,
            -3.6841804190995227
          ],
          [
            -8.621845138559344,
            -4.061310413734343
          ],
          [
            -8.892683493942714,
            -4.438440408369164
          ],
          [
            -9.163521849326084,
            -4.815570403003987
          ],
          [
            -9.434360204709455,
            -5.1927003976388075
          ],
          [
            -9.705198560092825,
            -5.56983039227363
          ],
          [
            -9.976036915476193,
            -5.946960386908451
          ],
          [
            -10.246875270859565,
            -5.56983039227363
          ],
          [
            -10.246875270859565,
            -5.1927003976388075
          ],
          [
            -10.517713626242934,
            -4.815570403003987
          ],
          [
            -10.517713626242934,
            -5.1927003976388075
          ],
          [
            -10.517713626242934,
            -5.56983039227363
          ],
          [
            -10.517713626242934,
            -5.946960386908451
          ],
          [
            -10.246875270859565,
            -5.946960386908451
          ],
          [
            -9.976036915476193,
            -6.324090381543273
          ],
          [
            -9.705198560092825,
            -6.324090381543273
          ],
          [
            -9.705198560092825,
            -5.946960386908451
          ],
          [
            -9.976036915476193,
            -5.56983039227363
          ],
          [
            -9.976036915476193,
            -5.1927003976388075
          ],
          [
            -10.246875270859565,
            -4.815570403003987
          ],
          [
            -10.517713626242934,
            -4.438440408369164
          ],
          [
            -10.788551981626304,
            -4.815570403003987
          ],
          [
            -10.788551981626304,
            -5.1927003976388075
          ],
          [
            -10.788551981626304,
            -5.56983039227363
          ],
          [
            -11.059390337009674,
            -5.1927003976388075
          ],
          [
            -11.059390337009674,
            -4.815570403003987
          ],
          [
            -10.788551981626304,
            -5.1927003976388075
          ],
          [
            -10.517713626242934,
            -5.56983039227363
          ],
          [
            -10.246875270859565,
            -5.946960386908451
          ],
          [
            -9.976036915476193,
            -5.946960386908451
          ],
          [
            -9.705198560092825,
            -5.946960386908451
          ],
          [
            -9.434360204709455,
            -5.946960386908451
          ],
          [
            -9.434360204709455,
            -6.324090381543273
          ],
          [
            -9.163521849326084,
            -5.946960386908451
          ],
          [
            -9.434360204709455,
            -5.56983039227363
          ],
          [
            -9.705198560092825,
            -5.1927003976388075
          ],
          [
            -9.705198560092825,
            -4.815570403003987
          ],
          [
            -9.705198560092825,
            -4.438440408369164
          ],
          [
            -9.976036915476193,
            -4.438440408369164
          ],
          [
            -10.246875270859565,
            -4.438440408369164
          ],
          [
            -10.246875270859565,
            -4.061310413734343
          ],
          [
            -9.976036915476193,
            -3.6841804190995227
          ],
          [
            -9.705198560092825,
            -3.6841804190995227
          ],
          [
            -9.705198560092825,
            -4.061310413734343
          ],
          [
            -9.434360204709455,
            -4.438440408369164
          ],
          [
            -9.434360204709455,
            -4.815570403003987
          ],
          [
            -9.163521849326084,
            -5.1927003976388075
          ],
          [
            -9.163521849326084,
            -5.56983039227363
          ],
          [
            -8.892683493942714,
            -5.946960386908451
          ],
          [
            -9.163521849326084,
            -5.56983039227363
          ],
          [
            -9.434360204709455,
            -5.1927003976388075
          ],
          [
            -9.705198560092825,
            -4.815570403003987
          ],
          [
            -9.976036915476193,
            -4.438440408369164
          ],
          [
            -10.246875270859565,
            -4.061310413734343
          ],
          [
            -10.517713626242934,
            -4.061310413734343
          ],
          [
            -10.246875270859565,
            -3.6841804190995227
          ],
          [
            -9.976036915476193,
            -4.061310413734343
          ],
          [
            -9.976036915476193,
            -4.438440408369164
          ],
          [
            -9.976036915476193,
            -4.815570403003987
          ],
          [
            -9.705198560092825,
            -4.438440408369164
          ],
          [
            -9.434360204709455,
            -4.061310413734343
          ],
          [
            -9.163521849326084,
            -3.6841804190995227
          ],
          [
            -8.892683493942714,
            -3.3070504244647
          ],
          [
            -8.892683493942714,
            -2.9299204298298793
          ],
          [
            -8.621845138559344,
            -2.9299204298298793
          ],
          [
            -8.621845138559344,
            -3.3070504244647
          ],
          [
            -8.351006783175974,
            -3.3070504244647
          ],
          [
            -8.080168427792604,
            -3.6841804190995227
          ],
          [
            -8.080168427792604,
            -4.061310413734343
          ],
          [
            -8.080168427792604,
            -4.438440408369164
          ],
          [
            -8.351006783175974,
            -4.061310413734343
          ],
          [
            -8.351006783175974,
            -4.438440408369164
          ],
          [
            -8.080168427792604,
            -4.438440408369164
          ],
          [
            -7.809330072409234,
            -4.438440408369164
          ],
          [
            -7.809330072409234,
            -4.061310413734343
          ],
          [
            -8.080168427792604,
            -3.6841804190995227
          ],
          [
            -8.351006783175974,
            -3.3070504244647
          ],
          [
            -8.351006783175974,
            -2.9299204298298793
          ],
          [
            -8.621845138559344,
            -2.5527904351950568
          ],
          [
            -8.351006783175974,
            -2.5527904351950568
          ],
          [
            -8.621845138559344,
            -2.5527904351950568
          ],
          [
            -8.892683493942714,
            -2.5527904351950568
          ],
          [
            -8.621845138559344,
            -2.9299204298298793
          ],
          [
            -8.621845138559344,
            -3.3070504244647
          ],
          [
            -8.621845138559344,
            -3.6841804190995227
          ],
          [
            -8.351006783175974,
            -3.6841804190995227
          ],
          [
            -8.080168427792604,
            -3.6841804190995227
          ],
          [
            -7.809330072409234,
            -3.6841804190995227
          ],
          [
            -7.538491717025864,
            -3.3070504244647
          ],
          [
            -7.267653361642494,
            -2.9299204298298793
          ],
          [
            -6.996815006259124,
            -2.5527904351950568
          ],
          [
            -6.7259766508757535,
            -2.175660440560236
          ],
          [
            -6.455138295492384,
            -1.7985304459254152
          ],
          [
            -6.184299940109014,
            -1.7985304459254152
          ],
          [
            -5.913461584725644,
            -1.7985304459254152
          ],
          [
            -5.642623229342274,
            -1.7985304459254152
          ],
          [
            -5.371784873958903,
            -1.7985304459254152
          ],
          [
            -5.100946518575534,
            -1.7985304459254152
          ],
          [
            -4.830108163192163,
            -1.7985304459254152
          ],
          [
            -4.559269807808793,
            -1.7985304459254152
          ],
          [
            -4.288431452425424,
            -1.7985304459254152
          ],
          [
            -4.017593097042054,
            -1.7985304459254152
          ],
          [
            -3.746754741658684,
            -1.7985304459254152
          ],
          [
            -3.4759163862753137,
            -1.7985304459254152
          ],
          [
            -3.2050780308919435,
            -1.7985304459254152
          ],
          [
            -2.9342396755085733,
            -1.7985304459254152
          ],
          [
            -3.2050780308919435,
            -2.175660440560236
          ],
          [
            -2.9342396755085733,
            -2.175660440560236
          ],
          [
            -2.663401320125203,
            -1.7985304459254152
          ],
          [
            -2.9342396755085733,
            -1.421400451290591
          ],
          [
            -3.2050780308919435,
            -1.0442704566557701
          ],
          [
            -3.4759163862753137,
            -1.0442704566557701
          ],
          [
            -3.746754741658684,
            -1.0442704566557701
          ],
          [
            -3.4759163862753137,
            -1.0442704566557701
          ],
          [
            -3.2050780308919435,
            -1.0442704566557701
          ],
          [
            -2.9342396755085733,
            -1.0442704566557701
          ],
          [
            -2.9342396755085733,
            -0.6671404620209493
          ],
          [
            -3.2050780308919435,
            -1.0442704566557701
          ],
          [
            -3.4759163862753137,
            -1.421400451290591
          ],
          [
            -3.4759163862753137,
            -1.7985304459254152
          ],
          [
            -3.4759163862753137,
            -2.175660440560236
          ]
        ]
      },
      "properties": {
        "name": "Hybrid Trash Route (planar km coords)"
      }
    },
    {
      "type": "Feature",
      "geometry": {
        "type": "MultiPoint",
        "coordinates": [
          [
            -0.4966944770582433,
            -0.6671404620209493
          ],
          [
            -0.7675328324416135,
            -1.0442704566557701
          ],
          [
            -1.0383711878249837,
            -1.421400451290591
          ],
          [
            -1.309209543208354,
            -1.7985304459254152
          ],
          [
            -1.5800478985917223,
            -2.175660440560236
          ],
          [
            -1.8508862539750925,
            -2.5527904351950568
          ],
          [
            -2.1217246093584627,
            -2.9299204298298793
          ],
          [
            -2.392562964741833,
            -3.3070504244647
          ],
          [
            -2.663401320125203,
            -3.6841804190995227
          ],
          [
            -2.9342396755085733,
            -4.061310413734343
          ],
          [
            -3.2050780308919435,
            -4.438440408369164
          ],
          [
            -3.4759163862753137,
            -4.815570403003987
          ],
          [
            -3.746754741658684,
            -5.1927003976388075
          ],
          [
            -4.017593097042054,
            -5.1927003976388075
          ],
          [
            -4.288431452425424,
            -5.1927003976388075
          ],
          [
            -4.559269807808793,
            -5.1927003976388075
          ],
          [
            -4.830108163192163,
            -5.1927003976388075
          ],
          [
            -5.100946518575534,
            -5.56983039227363
          ],
          [
            -5.371784873958903,
            -5.56983039227363
          ],
          [
            -5.642623229342274,
            -5.56983039227363
          ],
          [
            -5.913461584725644,
            -5.56983039227363
          ],
          [
            -6.184299940109014,
            -5.56983039227363
          ],
          [
            -6.455138295492384,
            -5.946960386908451
          ],
          [
            -6.7259766508757535,
            -5.946960386908451
          ],
          [
            -6.996815006259124,
            -6.324090381543273
          ],
          [
            -7.267653361642494,
            -6.324090381543273
          ],
          [
            -7.538491717025864,
            -5.946960386908451
          ],
          [
            -7.538491717025864,
            -5.56983039227363
          ],
          [
            -7.538491717025864,
            -5.1927003976388075
          ],
          [
            -7.267653361642494,
            -5.1927003976388075
          ],
          [
            -7.267653361642494,
            -5.56983039227363
          ],
          [
            -6.996815006259124,
            -5.1927003976388075
          ],
          [
            -6.7259766508757535,
            -5.1927003976388075
          ],
          [
            -6.996815006259124,
            -5.56983039227363
          ],
          [
            -6.996815006259124,
            -5.946960386908451
          ],
          [
            -6.7259766508757535,
            -6.324090381543273
          ],
          [
            -6.455138295492384,
            -6.324090381543273
          ],
          [
            -6.455138295492384,
            -5.946960386908451
          ],
          [
            -6.455138295492384,
            -5.56983039227363
          ],
          [
            -6.455138295492384,
            -5.1927003976388075
          ],
          [
            -6.7259766508757535,
            -4.815570403003987
          ],
          [
            -6.996815006259124,
            -4.815570403003987
          ],
          [
            -7.267653361642494,
            -4.438440408369164
          ],
          [
            -7.538491717025864,
            -4.815570403003987
          ],
          [
            -7.809330072409234,
            -4.815570403003987
          ],
          [
            -7.809330072409234,
            -5.1927003976388075
          ],
          [
            -7.809330072409234,
            -5.56983039227363
          ],
          [
            -7.809330072409234,
            -5.946960386908451
          ],
          [
            -7.809330072409234,
            -6.324090381543273
          ],
          [
            -7.809330072409234,
            -6.701220376178094
          ],
          [
            -7.538491717025864,
            -6.701220376178094
          ],
          [
            -7.267653361642494,
            -6.701220376178094
          ],
          [
            -6.996815006259124,
            -6.701220376178094
          ],
          [
            -6.7259766508757535,
            -6.701220376178094
          ],
          [
            -6.455138295492384,
            -6.701220376178094
          ],
          [
            -6.184299940109014,
            -6.701220376178094
          ],
          [
            -6.184299940109014,
            -6.324090381543273
          ],
          [
            -6.184299940109014,
            -5.946960386908451
          ],
          [
            -6.455138295492384,
            -5.56983039227363
          ],
          [
            -6.455138295492384,
            -5.1927003976388075
          ],
          [
            -6.455138295492384,
            -4.815570403003987
          ],
          [
            -6.7259766508757535,
            -4.438440408369164
          ],
          [
            -6.996815006259124,
            -4.438440408369164
          ],
          [
            -7.267653361642494,
            -4.815570403003987
          ],
          [
            -7.538491717025864,
            -4.438440408369164
          ],
          [
            -7.809330072409234,
            -4.815570403003987
          ],
          [
            -7.538491717025864,
            -5.1927003976388075
          ],
          [
            -7.538491717025864,
            -5.56983039227363
          ],
          [
            -7.538491717025864,
            -5.946960386908451
          ],
          [
            -7.538491717025864,
            -6.324090381543273
          ],
          [
            -7.267653361642494,
            -5.946960386908451
          ],
          [
            -6.996815006259124,
            -5.56983039227363
          ],
          [
            -6.7259766508757535,
            -5.1927003976388075
          ],
          [
            -6.455138295492384,
            -4.815570403003987
          ],
          [
            -6.184299940109014,
            -4.815570403003987
          ],
          [
            -5.913461584725644,
            -4.438440408369164
          ],
          [
            -5.642623229342274,
            -4.061310413734343
          ],
          [
            -5.371784873958903,
            -3.6841804190995227
          ],
          [
            -5.371784873958903,
            -3.3070504244647
          ],
          [
            -5.371784873958903,
            -2.9299204298298793
          ],
          [
            -5.371784873958903,
            -2.5527904351950568
          ],
          [
            -5.371784873958903,
            -2.175660440560236
          ],
          [
            -5.371784873958903,
            -1.7985304459254152
          ],
          [
            -5.100946518575534,
            -1.7985304459254152
          ],
          [
            -4.830108163192163,
            -1.7985304459254152
          ],
          [
            -4.830108163192163,
            -1.421400451290591
          ],
          [
            -4.559269807808793,
            -1.421400451290591
          ],
          [
            -4.559269807808793,
            -1.0442704566557701
          ],
          [
            -4.559269807808793,
            -0.6671404620209493
          ],
          [
            -4.288431452425424,
            -0.6671404620209493
          ],
          [
            -4.288431452425424,
            -1.0442704566557701
          ],
          [
            -4.288431452425424,
            -1.421400451290591
          ],
          [
            -4.288431452425424,
            -1.7985304459254152
          ],
          [
            -4.559269807808793,
            -1.7985304459254152
          ],
          [
            -4.830108163192163,
            -1.421400451290591
          ],
          [
            -5.100946518575534,
            -1.0442704566557701
          ],
          [
            -4.830108163192163,
            -1.0442704566557701
          ],
          [
            -5.100946518575534,
            -0.6671404620209493
          ],
          [
            -4.830108163192163,
            -0.6671404620209493
          ],
          [
            -5.100946518575534,
            -1.0442704566557701
          ],
          [
            -5.371784873958903,
            -1.421400451290591
          ],
          [
            -5.371784873958903,
            -1.0442704566557701
          ],
          [
            -5.100946518575534,
            -0.6671404620209493
          ],
          [
            -4.830108163192163,
            -0.29001046738612857
          ],
          [
            -4.559269807808793,
            -0.29001046738612857
          ],
          [
            -4.288431452425424,
            -0.29001046738612857
          ],
          [
            -4.017593097042054,
            -0.6671404620209493
          ],
          [
            -4.017593097042054,
            -1.0442704566557701
          ],
          [
            -4.017593097042054,
            -1.421400451290591
          ],
          [
            -4.017593097042054,
            -1.7985304459254152
          ],
          [
            -4.017593097042054,
            -2.175660440560236
          ],
          [
            -4.017593097042054,
            -2.5527904351950568
          ],
          [
            -4.288431452425424,
            -2.5527904351950568
          ],
          [
            -4.559269807808793,
            -2.175660440560236
          ],
          [
            -4.830108163192163,
            -2.5527904351950568
          ],
          [
            -5.100946518575534,
            -2.175660440560236
          ],
          [
            -5.100946518575534,
            -1.7985304459254152
          ],
          [
            -5.100946518575534,
            -1.421400451290591
          ],
          [
            -5.371784873958903,
            -1.0442704566557701
          ],
          [
            -5.371784873958903,
            -0.6671404620209493
          ],
          [
            -5.371784873958903,
            -0.29001046738612857
          ],
          [
            -5.100946518575534,
            -0.6671404620209493
          ],
          [
            -4.830108163192163,
            -1.0442704566557701
          ],
          [
            -4.559269807808793,
            -1.421400451290591
          ],
          [
            -4.288431452425424,
            -1.7985304459254152
          ],
          [
            -4.017593097042054,
            -2.175660440560236
          ],
          [
            -3.746754741658684,
            -2.175660440560236
          ],
          [
            -3.746754741658684,
            -2.5527904351950568
          ],
          [
            -4.017593097042054,
            -2.9299204298298793
          ],
          [
            -4.288431452425424,
            -3.3070504244647
          ],
          [
            -4.559269807808793,
            -3.6841804190995227
          ],
          [
            -4.830108163192163,
            -4.061310413734343
          ],
          [
            -5.100946518575534,
            -4.438440408369164
          ],
          [
            -5.371784873958903,
            -4.815570403003987
          ],
          [
            -5.642623229342274,
            -5.1927003976388075
          ],
          [
            -5.913461584725644,
            -5.56983039227363
          ],
          [
            -6.184299940109014,
            -5.946960386908451
          ],
          [
            -6.455138295492384,
            -5.946960386908451
          ],
          [
            -6.7259766508757535,
            -6.324090381543273
          ],
          [
            -6.996815006259124,
            -6.324090381543273
          ],
          [
            -7.267653361642494,
            -6.324090381543273
          ],
          [
            -7.538491717025864,
            -6.324090381543273
          ],
          [
            -7.809330072409234,
            -6.324090381543273
          ],
          [
            -8.080168427792604,
            -6.324090381543273
          ],
          [
            -8.351006783175974,
            -6.324090381543273
          ],
          [
            -8.621845138559344,
            -6.324090381543273
          ],
          [
            -8.892683493942714,
            -6.324090381543273
          ],
          [
            -9.163521849326084,
            -6.701220376178094
          ],
          [
            -9.434360204709455,
            -6.701220376178094
          ],
          [
            -9.705198560092825,
            -6.701220376178094
          ],
          [
            -9.976036915476193,
            -6.701220376178094
          ],
          [
            -10.246875270859565,
            -6.701220376178094
          ],
          [
            -10.517713626242934,
            -7.078350370812917
          ],
          [
            -10.788551981626304,
            -7.4554803654477375
          ],
          [
            -11.059390337009674,
            -7.4554803654477375
          ],
          [
            -11.330228692393044,
            -7.4554803654477375
          ],
          [
            -11.601067047776414,
            -7.078350370812917
          ],
          [
            -11.601067047776414,
            -6.701220376178094
          ],
          [
            -11.330228692393044,
            -7.078350370812917
          ],
          [
            -11.059390337009674,
            -6.701220376178094
          ],
          [
            -10.788551981626304,
            -6.701220376178094
          ],
          [
            -10.788551981626304,
            -6.324090381543273
          ],
          [
            -11.059390337009674,
            -6.324090381543273
          ],
          [
            -11.330228692393044,
            -5.946960386908451
          ],
          [
            -11.330228692393044,
            -5.56983039227363
          ],
          [
            -11.601067047776414,
            -5.946960386908451
          ],
          [
            -11.871905403159785,
            -6.324090381543273
          ],
          [
            -11.871905403159785,
            -6.701220376178094
          ],
          [
            -11.871905403159785,
            -7.078350370812917
          ],
          [
            -11.871905403159785,
            -7.4554803654477375
          ],
          [
            -11.601067047776414,
            -7.832610360082558
          ],
          [
            -11.330228692393044,
            -7.832610360082558
          ],
          [
            -11.059390337009674,
            -7.832610360082558
          ],
          [
            -10.788551981626304,
            -7.832610360082558
          ],
          [
            -10.517713626242934,
            -7.4554803654477375
          ],
          [
            -10.246875270859565,
            -7.078350370812917
          ],
          [
            -10.517713626242934,
            -6.701220376178094
          ],
          [
            -10.788551981626304,
            -6.324090381543273
          ],
          [
            -11.059390337009674,
            -5.946960386908451
          ],
          [
            -11.330228692393044,
            -5.56983039227363
          ],
          [
            -11.601067047776414,
            -5.56983039227363
          ],
          [
            -11.871905403159785,
            -5.56983039227363
          ],
          [
            -11.871905403159785,
            -5.946960386908451
          ],
          [
            -11.601067047776414,
            -5.56983039227363
          ],
          [
            -11.330228692393044,
            -5.56983039227363
          ],
          [
            -11.059390337009674,
            -5.56983039227363
          ],
          [
            -10.788551981626304,
            -5.946960386908451
          ],
          [
            -10.517713626242934,
            -6.324090381543273
          ],
          [
            -10.246875270859565,
            -6.701220376178094
          ],
          [
            -10.246875270859565,
            -7.078350370812917
          ],
          [
            -10.246875270859565,
            -7.4554803654477375
          ],
          [
            -10.246875270859565,
            -7.832610360082558
          ],
          [
            -10.517713626242934,
            -7.4554803654477375
          ],
          [
            -10.788551981626304,
            -7.078350370812917
          ],
          [
            -11.059390337009674,
            -7.4554803654477375
          ],
          [
            -11.330228692393044,
            -7.4554803654477375
          ],
          [
            -11.601067047776414,
            -7.4554803654477375
          ],
          [
            -11.871905403159785,
            -7.832610360082558
          ],
          [
            -12.142743758543155,
            -8.20974035471738
          ],
          [
            -12.142743758543155,
            -8.586870349352202
          ],
          [
            -12.142743758543155,
            -8.964000343987024
          ],
          [
            -12.142743758543155,
            -9.341130338621845
          ],
          [
            -12.142743758543155,
            -9.718260333256667
          ],
          [
            -12.142743758543155,
            -10.095390327891488
          ],
          [
            -11.871905403159785,
            -10.47252032252631
          ],
          [
            -11.871905403159785,
            -10.849650317161132
          ],
          [
            -11.871905403159785,
            -11.226780311795952
          ],
          [
            -11.871905403159785,
            -11.603910306430775
          ],
          [
            -11.871905403159785,
            -11.981040301065596
          ],
          [
            -11.871905403159785,
            -12.358170295700418
          ],
          [
            -11.871905403159785,
            -12.735300290335239
          ],
          [
            -11.871905403159785,
            -13.11243028497006
          ],
          [
            -11.601067047776414,
            -13.489560279604882
          ],
          [
            -11.601067047776414,
            -13.866690274239705
          ],
          [
            -11.601067047776414,
            -14.243820268874526
          ],
          [
            -11.601067047776414,
            -14.620950263509346
          ],
          [
            -11.601067047776414,
            -14.998080258144169
          ],
          [
            -11.601067047776414,
            -15.37521025277899
          ],
          [
            -11.601067047776414,
            -15.752340247413812
          ],
          [
            -11.601067047776414,
            -16.129470242048633
          ],
          [
            -11.330228692393044,
            -16.129470242048633
          ],
          [
            -11.059390337009674,
            -16.129470242048633
          ],
          [
            -11.059390337009674,
            -15.752340247413812
          ],
          [
            -11.059390337009674,
            -15.37521025277899
          ],
          [
            -11.059390337009674,
            -14.998080258144169
          ],
          [
            -11.330228692393044,
            -14.998080258144169
          ],
          [
            -11.330228692393044,
            -15.37521025277899
          ],
          [
            -11.330228692393044,
            -15.752340247413812
          ],
          [
            -11.601067047776414,
            -15.752340247413812
          ],
          [
            -11.871905403159785,
            -15.752340247413812
          ],
          [
            -12.142743758543155,
            -15.37521025277899
          ],
          [
            -12.142743758543155,
            -14.998080258144169
          ],
          [
            -11.871905403159785,
            -14.998080258144169
          ],
          [
            -11.871905403159785,
            -15.37521025277899
          ],
          [
            -11.871905403159785,
            -15.752340247413812
          ],
          [
            -11.871905403159785,
            -16.129470242048633
          ],
          [
            -11.601067047776414,
            -16.506600236683454
          ],
          [
            -11.330228692393044,
            -16.506600236683454
          ],
          [
            -11.330228692393044,
            -16.883730231318275
          ],
          [
            -11.059390337009674,
            -16.883730231318275
          ],
          [
            -11.059390337009674,
            -16.506600236683454
          ],
          [
            -10.788551981626304,
            -16.506600236683454
          ],
          [
            -10.788551981626304,
            -16.129470242048633
          ],
          [
            -10.788551981626304,
            -15.752340247413812
          ],
          [
            -10.788551981626304,
            -15.37521025277899
          ],
          [
            -10.788551981626304,
            -14.998080258144169
          ],
          [
            -11.059390337009674,
            -14.620950263509346
          ],
          [
            -11.330228692393044,
            -14.620950263509346
          ],
          [
            -11.601067047776414,
            -14.620950263509346
          ],
          [
            -11.871905403159785,
            -14.620950263509346
          ],
          [
            -12.142743758543155,
            -14.620950263509346
          ],
          [
            -12.413582113926525,
            -14.620950263509346
          ],
          [
            -12.413582113926525,
            -14.998080258144169
          ],
          [
            -12.413582113926525,
            -15.37521025277899
          ],
          [
            -12.142743758543155,
            -15.752340247413812
          ],
          [
            -11.871905403159785,
            -16.129470242048633
          ],
          [
            -11.601067047776414,
            -16.506600236683454
          ],
          [
            -11.330228692393044,
            -16.883730231318275
          ],
          [
            -11.059390337009674,
            -16.883730231318275
          ],
          [
            -10.788551981626304,
            -16.883730231318275
          ],
          [
            -11.059390337009674,
            -17.2608602259531
          ],
          [
            -11.330228692393044,
            -17.2608602259531
          ],
          [
            -11.601067047776414,
            -17.2608602259531
          ],
          [
            -11.871905403159785,
            -17.63799022058792
          ],
          [
            -12.142743758543155,
            -17.2608602259531
          ],
          [
            -12.142743758543155,
            -16.883730231318275
          ],
          [
            -12.142743758543155,
            -16.506600236683454
          ],
          [
            -12.413582113926525,
            -16.129470242048633
          ],
          [
            -12.684420469309895,
            -16.506600236683454
          ],
          [
            -12.684420469309895,
            -16.883730231318275
          ],
          [
            -12.684420469309895,
            -17.2608602259531
          ],
          [
            -12.413582113926525,
            -17.2608602259531
          ],
          [
            -12.413582113926525,
            -16.883730231318275
          ],
          [
            -12.413582113926525,
            -16.506600236683454
          ],
          [
            -12.684420469309895,
            -16.129470242048633
          ],
          [
            -12.955258824693265,
            -16.129470242048633
          ],
          [
            -12.955258824693265,
            -16.506600236683454
          ],
          [
            -12.955258824693265,
            -16.883730231318275
          ],
          [
            -12.955258824693265,
            -17.2608602259531
          ],
          [
            -12.955258824693265,
            -17.63799022058792
          ],
          [
            -12.684420469309895,
            -17.63799022058792
          ],
          [
            -12.413582113926525,
            -17.63799022058792
          ],
          [
            -12.142743758543155,
            -17.63799022058792
          ],
          [
            -11.871905403159785,
            -17.2608602259531
          ],
          [
            -11.871905403159785,
            -16.883730231318275
          ],
          [
            -11.871905403159785,
            -16.506600236683454
          ],
          [
            -12.142743758543155,
            -16.129470242048633
          ],
          [
            -12.413582113926525,
            -15.752340247413812
          ],
          [
            -12.684420469309895,
            -15.752340247413812
          ],
          [
            -12.955258824693265,
            -15.752340247413812
          ],
          [
            -12.684420469309895,
            -16.129470242048633
          ],
          [
            -12.413582113926525,
            -16.506600236683454
          ],
          [
            -12.142743758543155,
            -16.883730231318275
          ],
          [
            -11.871905403159785,
            -17.2608602259531
          ],
          [
            -11.601067047776414,
            -17.63799022058792
          ],
          [
            -11.330228692393044,
            -17.2608602259531
          ],
          [
            -11.059390337009674,
            -16.883730231318275
          ],
          [
            -10.788551981626304,
            -16.506600236683454
          ],
          [
            -10.517713626242934,
            -16.129470242048633
          ],
          [
            -10.246875270859565,
            -15.752340247413812
          ],
          [
            -9.976036915476193,
            -15.37521025277899
          ],
          [
            -9.705198560092825,
            -14.998080258144169
          ],
          [
            -9.434360204709455,
            -14.620950263509346
          ],
          [
            -9.163521849326084,
            -14.243820268874526
          ],
          [
            -8.892683493942714,
            -13.866690274239705
          ],
          [
            -8.621845138559344,
            -13.489560279604882
          ],
          [
            -8.351006783175974,
            -13.11243028497006
          ],
          [
            -8.080168427792604,
            -12.735300290335239
          ],
          [
            -7.809330072409234,
            -12.358170295700418
          ],
          [
            -7.538491717025864,
            -11.981040301065596
          ],
          [
            -7.267653361642494,
            -11.603910306430775
          ],
          [
            -6.996815006259124,
            -11.226780311795952
          ],
          [
            -6.996815006259124,
            -10.849650317161132
          ],
          [
            -6.996815006259124,
            -10.47252032252631
          ],
          [
            -6.996815006259124,
            -10.095390327891488
          ],
          [
            -6.996815006259124,
            -9.718260333256667
          ],
          [
            -6.996815006259124,
            -9.341130338621845
          ],
          [
            -6.996815006259124,
            -8.964000343987024
          ],
          [
            -6.7259766508757535,
            -8.586870349352202
          ],
          [
            -6.7259766508757535,
            -8.20974035471738
          ],
          [
            -6.7259766508757535,
            -7.832610360082558
          ],
          [
            -6.7259766508757535,
            -7.4554803654477375
          ],
          [
            -6.7259766508757535,
            -7.078350370812917
          ],
          [
            -6.7259766508757535,
            -6.701220376178094
          ],
          [
            -6.7259766508757535,
            -6.324090381543273
          ],
          [
            -6.7259766508757535,
            -5.946960386908451
          ],
          [
            -6.455138295492384,
            -5.56983039227363
          ],
          [
            -6.455138295492384,
            -5.1927003976388075
          ],
          [
            -6.455138295492384,
            -4.815570403003987
          ],
          [
            -6.455138295492384,
            -4.438440408369164
          ],
          [
            -6.455138295492384,
            -4.061310413734343
          ],
          [
            -6.455138295492384,
            -3.6841804190995227
          ],
          [
            -6.455138295492384,
            -3.3070504244647
          ],
          [
            -6.184299940109014,
            -3.3070504244647
          ],
          [
            -6.184299940109014,
            -2.9299204298298793
          ],
          [
            -6.455138295492384,
            -2.9299204298298793
          ],
          [
            -6.7259766508757535,
            -2.9299204298298793
          ],
          [
            -6.996815006259124,
            -3.3070504244647
          ],
          [
            -6.996815006259124,
            -3.6841804190995227
          ],
          [
            -6.7259766508757535,
            -3.6841804190995227
          ],
          [
            -6.7259766508757535,
            -3.3070504244647
          ],
          [
            -6.455138295492384,
            -3.6841804190995227
          ],
          [
            -6.184299940109014,
            -3.6841804190995227
          ],
          [
            -5.913461584725644,
            -3.6841804190995227
          ],
          [
            -5.913461584725644,
            -3.3070504244647
          ],
          [
            -5.913461584725644,
            -2.9299204298298793
          ],
          [
            -6.184299940109014,
            -2.5527904351950568
          ],
          [
            -6.184299940109014,
            -2.175660440560236
          ],
          [
            -6.455138295492384,
            -2.175660440560236
          ],
          [
            -6.7259766508757535,
            -2.175660440560236
          ],
          [
            -6.7259766508757535,
            -2.5527904351950568
          ],
          [
            -6.996815006259124,
            -2.9299204298298793
          ],
          [
            -6.996815006259124,
            -3.3070504244647
          ],
          [
            -6.996815006259124,
            -3.6841804190995227
          ],
          [
            -6.996815006259124,
            -4.061310413734343
          ],
          [
            -6.7259766508757535,
            -4.061310413734343
          ],
          [
            -6.455138295492384,
            -4.061310413734343
          ],
          [
            -6.184299940109014,
            -4.061310413734343
          ],
          [
            -6.184299940109014,
            -4.438440408369164
          ],
          [
            -5.913461584725644,
            -4.061310413734343
          ],
          [
            -5.913461584725644,
            -3.6841804190995227
          ],
          [
            -5.913461584725644,
            -3.3070504244647
          ],
          [
            -5.913461584725644,
            -2.9299204298298793
          ],
          [
            -5.913461584725644,
            -2.5527904351950568
          ],
          [
            -5.913461584725644,
            -2.175660440560236
          ],
          [
            -6.184299940109014,
            -1.7985304459254152
          ],
          [
            -6.455138295492384,
            -1.7985304459254152
          ],
          [
            -6.7259766508757535,
            -1.7985304459254152
          ],
          [
            -6.996815006259124,
            -2.175660440560236
          ],
          [
            -7.267653361642494,
            -2.5527904351950568
          ],
          [
            -7.267653361642494,
            -2.9299204298298793
          ],
          [
            -7.267653361642494,
            -3.3070504244647
          ],
          [
            -7.267653361642494,
            -3.6841804190995227
          ],
          [
            -7.267653361642494,
            -4.061310413734343
          ],
          [
            -6.996815006259124,
            -3.6841804190995227
          ],
          [
            -6.7259766508757535,
            -3.3070504244647
          ],
          [
            -6.455138295492384,
            -2.9299204298298793
          ],
          [
            -6.184299940109014,
            -2.5527904351950568
          ],
          [
            -5.913461584725644,
            -2.175660440560236
          ],
          [
            -5.642623229342274,
            -1.7985304459254152
          ],
          [
            -5.371784873958903,
            -1.421400451290591
          ],
          [
            -5.100946518575534,
            -1.421400451290591
          ],
          [
            -4.830108163192163,
            -1.421400451290591
          ],
          [
            -4.559269807808793,
            -1.421400451290591
          ],
          [
            -4.288431452425424,
            -1.421400451290591
          ],
          [
            -4.017593097042054,
            -1.421400451290591
          ],
          [
            -3.746754741658684,
            -1.421400451290591
          ],
          [
            -3.4759163862753137,
            -1.421400451290591
          ],
          [
            -3.2050780308919435,
            -1.421400451290591
          ],
          [
            -2.9342396755085733,
            -1.421400451290591
          ],
          [
            -2.663401320125203,
            -1.421400451290591
          ],
          [
            -2.663401320125203,
            -1.0442704566557701
          ],
          [
            -2.663401320125203,
            -0.6671404620209493
          ],
          [
            -2.392562964741833,
            -0.6671404620209493
          ],
          [
            -2.392562964741833,
            -0.29001046738612857
          ],
          [
            -2.1217246093584627,
            -0.29001046738612857
          ],
          [
            -1.8508862539750925,
            -0.29001046738612857
          ],
          [
            -1.8508862539750925,
            -0.6671404620209493
          ],
          [
            -1.8508862539750925,
            -1.0442704566557701
          ],
          [
            -1.8508862539750925,
            -1.421400451290591
          ],
          [
            -1.8508862539750925,
            -1.7985304459254152
          ],
          [
            -2.1217246093584627,
            -1.421400451290591
          ],
          [
            -2.392562964741833,
            -1.0442704566557701
          ],
          [
            -2.1217246093584627,
            -0.6671404620209493
          ],
          [
            -2.1217246093584627,
            -0.29001046738612857
          ],
          [
            -2.1217246093584627,
            0.08711952724869221
          ],
          [
            -1.8508862539750925,
            0.08711952724869221
          ],
          [
            -1.5800478985917223,
            0.08711952724869221
          ],
          [
            -1.5800478985917223,
            -0.29001046738612857
          ],
          [
            -1.5800478985917223,
            -0.6671404620209493
          ],
          [
            -1.5800478985917223,
            -1.0442704566557701
          ],
          [
            -1.5800478985917223,
            -1.421400451290591
          ],
          [
            -1.8508862539750925,
            -1.7985304459254152
          ],
          [
            -2.1217246093584627,
            -1.7985304459254152
          ],
          [
            -2.392562964741833,
            -1.7985304459254152
          ],
          [
            -2.392562964741833,
            -1.421400451290591
          ],
          [
            -2.663401320125203,
            -1.0442704566557701
          ],
          [
            -2.663401320125203,
            -0.6671404620209493
          ],
          [
            -2.663401320125203,
            -0.29001046738612857
          ],
          [
            -2.663401320125203,
            0.08711952724869221
          ],
          [
            -2.392562964741833,
            0.08711952724869221
          ],
          [
            -2.392562964741833,
            0.46424952188351654
          ],
          [
            -2.1217246093584627,
            0.46424952188351654
          ],
          [
            -1.8508862539750925,
            0.46424952188351654
          ],
          [
            -1.5800478985917223,
            0.46424952188351654
          ],
          [
            -1.8508862539750925,
            0.08711952724869221
          ],
          [
            -2.1217246093584627,
            -0.29001046738612857
          ],
          [
            -2.392562964741833,
            -0.6671404620209493
          ],
          [
            -2.392562964741833,
            -1.0442704566557701
          ],
          [
            -2.392562964741833,
            -1.421400451290591
          ],
          [
            -2.392562964741833,
            -1.7985304459254152
          ],
          [
            -2.392562964741833,
            -2.175660440560236
          ],
          [
            -2.1217246093584627,
            -1.7985304459254152
          ],
          [
            -1.8508862539750925,
            -1.7985304459254152
          ],
          [
            -1.5800478985917223,
            -1.7985304459254152
          ],
          [
            -1.309209543208354,
            -1.421400451290591
          ],
          [
            -1.0383711878249837,
            -1.0442704566557701
          ],
          [
            -1.0383711878249837,
            -0.6671404620209493
          ],
          [
            -1.0383711878249837,
            -0.29001046738612857
          ],
          [
            -0.7675328324416135,
            -0.29001046738612857
          ],
          [
            -0.4966944770582433,
            -0.29001046738612857
          ],
          [
            -0.22585612167487312,
            -0.29001046738612857
          ],
          [
            -0.22585612167487312,
            -0.6671404620209493
          ],
          [
            0.04498223370849708,
            -0.6671404620209493
          ],
          [
            0.04498223370849708,
            -0.29001046738612857
          ],
          [
            0.04498223370849708,
            0.08711952724869221
          ],
          [
            0.04498223370849708,
            0.46424952188351654
          ],
          [
            -0.22585612167487312,
            0.46424952188351654
          ],
          [
            -0.4966944770582433,
            0.08711952724869221
          ],
          [
            -0.22585612167487312,
            0.08711952724869221
          ],
          [
            0.04498223370849708,
            0.08711952724869221
          ],
          [
            0.3158205890918673,
            0.08711952724869221
          ],
          [
            0.3158205890918673,
            -0.29001046738612857
          ],
          [
            0.3158205890918673,
            -0.6671404620209493
          ],
          [
            0.04498223370849708,
            -1.0442704566557701
          ],
          [
            0.04498223370849708,
            -1.421400451290591
          ],
          [
            -0.22585612167487312,
            -1.421400451290591
          ],
          [
            -0.22585612167487312,
            -1.0442704566557701
          ],
          [
            -0.4966944770582433,
            -0.6671404620209493
          ],
          [
            -0.7675328324416135,
            -0.29001046738612857
          ],
          [
            -0.7675328324416135,
            0.08711952724869221
          ],
          [
            -1.0383711878249837,
            0.46424952188351654
          ],
          [
            -1.0383711878249837,
            0.8413795165183373
          ],
          [
            -0.7675328324416135,
            0.46424952188351654
          ],
          [
            -0.4966944770582433,
            0.8413795165183373
          ],
          [
            -0.22585612167487312,
            0.8413795165183373
          ],
          [
            0.04498223370849708,
            0.8413795165183373
          ],
          [
            0.3158205890918673,
            0.8413795165183373
          ],
          [
            0.3158205890918673,
            0.46424952188351654
          ],
          [
            0.3158205890918673,
            0.08711952724869221
          ],
          [
            0.3158205890918673,
            -0.29001046738612857
          ],
          [
            0.3158205890918673,
            -0.6671404620209493
          ],
          [
            0.3158205890918673,
            -1.0442704566557701
          ],
          [
            0.04498223370849708,
            -1.421400451290591
          ],
          [
            -0.22585612167487312,
            -1.421400451290591
          ],
          [
            -0.4966944770582433,
            -1.421400451290591
          ],
          [
            -0.7675328324416135,
            -1.421400451290591
          ],
          [
            -0.7675328324416135,
            -1.0442704566557701
          ],
          [
            -0.7675328324416135,
            -0.6671404620209493
          ],
          [
            -0.4966944770582433,
            -1.0442704566557701
          ],
          [
            -0.22585612167487312,
            -1.421400451290591
          ],
          [
            0.04498223370849708,
            -1.421400451290591
          ],
          [
            0.3158205890918673,
            -1.421400451290591
          ],
          [
            0.04498223370849708,
            -1.0442704566557701
          ],
          [
            -0.22585612167487312,
            -0.6671404620209493
          ],
          [
            -0.4966944770582433,
            -0.29001046738612857
          ],
          [
            -0.7675328324416135,
            0.08711952724869221
          ],
          [
            -1.0383711878249837,
            0.08711952724869221
          ],
          [
            -1.309209543208354,
            0.08711952724869221
          ],
          [
            -1.5800478985917223,
            0.46424952188351654
          ],
          [
            -1.8508862539750925,
            0.46424952188351654
          ],
          [
            -2.1217246093584627,
            0.46424952188351654
          ],
          [
            -2.392562964741833,
            0.46424952188351654
          ],
          [
            -2.663401320125203,
            0.46424952188351654
          ],
          [
            -2.9342396755085733,
            0.8413795165183373
          ],
          [
            -3.2050780308919435,
            0.46424952188351654
          ],
          [
            -3.2050780308919435,
            0.08711952724869221
          ],
          [
            -3.4759163862753137,
            -0.29001046738612857
          ],
          [
            -3.746754741658684,
            0.08711952724869221
          ],
          [
            -3.746754741658684,
            0.46424952188351654
          ],
          [
            -3.4759163862753137,
            0.8413795165183373
          ],
          [
            -3.4759163862753137,
            0.46424952188351654
          ],
          [
            -3.4759163862753137,
            0.08711952724869221
          ],
          [
            -3.746754741658684,
            -0.29001046738612857
          ],
          [
            -4.017593097042054,
            -0.29001046738612857
          ],
          [
            -4.288431452425424,
            0.08711952724869221
          ],
          [
            -4.288431452425424,
            0.46424952188351654
          ],
          [
            -4.017593097042054,
            0.8413795165183373
          ],
          [
            -4.017593097042054,
            0.46424952188351654
          ],
          [
            -4.017593097042054,
            0.08711952724869221
          ],
          [
            -3.746754741658684,
            0.46424952188351654
          ],
          [
            -3.746754741658684,
            0.8413795165183373
          ],
          [
            -3.4759163862753137,
            0.8413795165183373
          ],
          [
            -3.2050780308919435,
            0.8413795165183373
          ],
          [
            -2.9342396755085733,
            0.46424952188351654
          ],
          [
            -2.9342396755085733,
            0.08711952724869221
          ],
          [
            -3.2050780308919435,
            -0.29001046738612857
          ],
          [
            -2.9342396755085733,
            -0.29001046738612857
          ],
          [
            -3.2050780308919435,
            -0.6671404620209493
          ],
          [
            -3.4759163862753137,
            -0.6671404620209493
          ],
          [
            -3.746754741658684,
            -0.6671404620209493
          ],
          [
            -4.017593097042054,
            -0.29001046738612857
          ],
          [
            -4.288431452425424,
            0.08711952724869221
          ],
          [
            -4.288431452425424,
            0.46424952188351654
          ],
          [
            -4.288431452425424,
            0.8413795165183373
          ],
          [
            -4.017593097042054,
            0.8413795165183373
          ],
          [
            -3.746754741658684,
            0.8413795165183373
          ],
          [
            -3.4759163862753137,
            0.8413795165183373
          ],
          [
            -3.2050780308919435,
            0.8413795165183373
          ],
          [
            -2.9342396755085733,
            0.8413795165183373
          ],
          [
            -2.663401320125203,
            0.8413795165183373
          ],
          [
            -2.9342396755085733,
            0.46424952188351654
          ],
          [
            -3.2050780308919435,
            0.08711952724869221
          ],
          [
            -3.4759163862753137,
            -0.29001046738612857
          ],
          [
            -3.746754741658684,
            -0.6671404620209493
          ],
          [
            -4.017593097042054,
            -1.0442704566557701
          ],
          [
            -4.288431452425424,
            -1.421400451290591
          ],
          [
            -4.559269807808793,
            -1.7985304459254152
          ],
          [
            -4.830108163192163,
            -2.175660440560236
          ],
          [
            -5.100946518575534,
            -2.5527904351950568
          ],
          [
            -5.371784873958903,
            -2.9299204298298793
          ],
          [
            -5.642623229342274,
            -3.3070504244647
          ],
          [
            -5.913461584725644,
            -3.6841804190995227
          ],
          [
            -6.184299940109014,
            -4.061310413734343
          ],
          [
            -6.455138295492384,
            -4.438440408369164
          ],
          [
            -6.7259766508757535,
            -4.438440408369164
          ],
          [
            -6.996815006259124,
            -4.438440408369164
          ],
          [
            -7.267653361642494,
            -4.815570403003987
          ],
          [
            -7.538491717025864,
            -4.815570403003987
          ],
          [
            -7.809330072409234,
            -4.815570403003987
          ],
          [
            -8.080168427792604,
            -4.815570403003987
          ],
          [
            -8.351006783175974,
            -4.815570403003987
          ],
          [
            -8.621845138559344,
            -4.815570403003987
          ],
          [
            -8.892683493942714,
            -4.438440408369164
          ],
          [
            -8.892683493942714,
            -4.061310413734343
          ],
          [
            -9.163521849326084,
            -3.6841804190995227
          ],
          [
            -9.163521849326084,
            -3.3070504244647
          ],
          [
            -9.434360204709455,
            -3.6841804190995227
          ],
          [
            -9.434360204709455,
            -4.061310413734343
          ],
          [
            -9.163521849326084,
            -4.061310413734343
          ],
          [
            -9.163521849326084,
            -4.438440408369164
          ],
          [
            -8.892683493942714,
            -4.815570403003987
          ],
          [
            -8.621845138559344,
            -4.438440408369164
          ],
          [
            -8.621845138559344,
            -4.061310413734343
          ],
          [
            -8.892683493942714,
            -3.6841804190995227
          ],
          [
            -8.892683493942714,
            -3.3070504244647
          ],
          [
            -9.163521849326084,
            -2.9299204298298793
          ],
          [
            -9.434360204709455,
            -2.9299204298298793
          ],
          [
            -9.705198560092825,
            -3.3070504244647
          ],
          [
            -9.434360204709455,
            -3.3070504244647
          ],
          [
            -9.163521849326084,
            -3.6841804190995227
          ],
          [
            -8.892683493942714,
            -4.061310413734343
          ],
          [
            -8.892683493942714,
            -4.438440408369164
          ],
          [
            -8.892683493942714,
            -4.815570403003987
          ],
          [
            -8.892683493942714,
            -5.1927003976388075
          ],
          [
            -8.621845138559344,
            -5.1927003976388075
          ],
          [
            -8.351006783175974,
            -5.1927003976388075
          ],
          [
            -8.621845138559344,
            -4.815570403003987
          ],
          [
            -8.892683493942714,
            -4.438440408369164
          ],
          [
            -9.163521849326084,
            -4.061310413734343
          ],
          [
            -9.163521849326084,
            -3.6841804190995227
          ],
          [
            -9.163521849326084,
            -3.3070504244647
          ],
          [
            -9.163521849326084,
            -2.9299204298298793
          ],
          [
            -9.163521849326084,
            -2.5527904351950568
          ],
          [
            -8.892683493942714,
            -2.175660440560236
          ],
          [
            -8.621845138559344,
            -2.175660440560236
          ],
          [
            -8.351006783175974,
            -2.175660440560236
          ],
          [
            -8.080168427792604,
            -2.175660440560236
          ],
          [
            -8.080168427792604,
            -2.5527904351950568
          ],
          [
            -7.809330072409234,
            -2.5527904351950568
          ],
          [
            -7.809330072409234,
            -2.175660440560236
          ],
          [
            -7.538491717025864,
            -2.175660440560236
          ],
          [
            -7.538491717025864,
            -2.5527904351950568
          ],
          [
            -7.809330072409234,
            -2.9299204298298793
          ],
          [
            -7.809330072409234,
            -3.3070504244647
          ],
          [
            -7.538491717025864,
            -3.3070504244647
          ],
          [
            -7.538491717025864,
            -2.9299204298298793
          ],
          [
            -7.267653361642494,
            -2.5527904351950568
          ],
          [
            -7.267653361642494,
            -2.175660440560236
          ],
          [
            -7.267653361642494,
            -1.7985304459254152
          ],
          [
            -7.538491717025864,
            -1.7985304459254152
          ],
          [
            -7.809330072409234,
            -1.7985304459254152
          ],
          [
            -8.080168427792604,
            -1.7985304459254152
          ],
          [
            -8.351006783175974,
            -1.7985304459254152
          ],
          [
            -8.080168427792604,
            -2.175660440560236
          ],
          [
            -8.080168427792604,
            -2.5527904351950568
          ],
          [
            -8.080168427792604,
            -2.9299204298298793
          ],
          [
            -7.809330072409234,
            -3.3070504244647
          ],
          [
            -7.538491717025864,
            -3.6841804190995227
          ],
          [
            -7.538491717025864,
            -4.061310413734343
          ],
          [
            -7.267653361642494,
            -3.6841804190995227
          ],
          [
            -6.996815006259124,
            -3.3070504244647
          ],
          [
            -6.996815006259124,
            -2.9299204298298793
          ],
          [
            -6.996815006259124,
            -2.5527904351950568
          ],
          [
            -6.996815006259124,
            -2.175660440560236
          ],
          [
            -6.996815006259124,
            -1.7985304459254152
          ],
          [
            -7.267653361642494,
            -2.175660440560236
          ],
          [
            -7.538491717025864,
            -2.5527904351950568
          ],
          [
            -7.809330072409234,
            -2.9299204298298793
          ],
          [
            -8.080168427792604,
            -3.3070504244647
          ],
          [
            -8.351006783175974,
            -3.6841804190995227
          ],
          [
            -8.621845138559344,
            -4.061310413734343
          ],
          [
            -8.892683493942714,
            -4.438440408369164
          ],
          [
            -9.163521849326084,
            -4.815570403003987
          ],
          [
            -9.434360204709455,
            -5.1927003976388075
          ],
          [
            -9.705198560092825,
            -5.56983039227363
          ],
          [
            -9.976036915476193,
            -5.946960386908451
          ],
          [
            -10.246875270859565,
            -5.56983039227363
          ],
          [
            -10.246875270859565,
            -5.1927003976388075
          ],
          [
            -10.517713626242934,
            -4.815570403003987
          ],
          [
            -10.517713626242934,
            -5.1927003976388075
          ],
          [
            -10.517713626242934,
            -5.56983039227363
          ],
          [
            -10.517713626242934,
            -5.946960386908451
          ],
          [
            -10.246875270859565,
            -5.946960386908451
          ],
          [
            -9.976036915476193,
            -6.324090381543273
          ],
          [
            -9.705198560092825,
            -6.324090381543273
          ],
          [
            -9.705198560092825,
            -5.946960386908451
          ],
          [
            -9.976036915476193,
            -5.56983039227363
          ],
          [
            -9.976036915476193,
            -5.1927003976388075
          ],
          [
            -10.246875270859565,
            -4.815570403003987
          ],
          [
            -10.517713626242934,
            -4.438440408369164
          ],
          [
            -10.788551981626304,
            -4.815570403003987
          ],
          [
            -10.788551981626304,
            -5.1927003976388075
          ],
          [
            -10.788551981626304,
            -5.56983039227363
          ],
          [
            -11.059390337009674,
            -5.1927003976388075
          ],
          [
            -11.059390337009674,
            -4.815570403003987
          ],
          [
            -10.788551981626304,
            -5.1927003976388075
          ],
          [
            -10.517713626242934,
            -5.56983039227363
          ],
          [
            -10.246875270859565,
            -5.946960386908451
          ],
          [
            -9.976036915476193,
            -5.946960386908451
          ],
          [
            -9.705198560092825,
            -5.946960386908451
          ],
          [
            -9.434360204709455,
            -5.946960386908451
          ],
          [
            -9.434360204709455,
            -6.324090381543273
          ],
          [
            -9.163521849326084,
            -5.946960386908451
          ],
          [
            -9.434360204709455,
            -5.56983039227363
          ],
          [
            -9.705198560092825,
            -5.1927003976388075
          ],
          [
            -9.705198560092825,
            -4.815570403003987
          ],
          [
            -9.705198560092825,
            -4.438440408369164
          ],
          [
            -9.976036915476193,
            -4.438440408369164
          ],
          [
            -10.246875270859565,
            -4.438440408369164
          ],
          [
            -10.246875270859565,
            -4.061310413734343
          ],
          [
            -9.976036915476193,
            -3.6841804190995227
          ],
          [
            -9.705198560092825,
            -3.6841804190995227
          ],
          [
            -9.705198560092825,
            -4.061310413734343
          ],
          [
            -9.434360204709455,
            -4.438440408369164
          ],
          [
            -9.434360204709455,
            -4.815570403003987
          ],
          [
            -9.163521849326084,
            -5.1927003976388075
          ],
          [
            -9.163521849326084,
            -5.56983039227363
          ],
          [
            -8.892683493942714,
            -5.946960386908451
          ],
          [
            -9.163521849326084,
            -5.56983039227363
          ],
          [
            -9.434360204709455,
            -5.1927003976388075
          ],
          [
            -9.705198560092825,
            -4.815570403003987
          ],
          [
            -9.976036915476193,
            -4.438440408369164
          ],
          [
            -10.246875270859565,
            -4.061310413734343
          ],
          [
            -10.517713626242934,
            -4.061310413734343
          ],
          [
            -10.246875270859565,
            -3.6841804190995227
          ],
          [
            -9.976036915476193,
            -4.061310413734343
          ],
          [
            -9.976036915476193,
            -4.438440408369164
          ],
          [
            -9.976036915476193,
            -4.815570403003987
          ],
          [
            -9.705198560092825,
            -4.438440408369164
          ],
          [
            -9.434360204709455,
            -4.061310413734343
          ],
          [
            -9.163521849326084,
            -3.6841804190995227
          ],
          [
            -8.892683493942714,
            -3.3070504244647
          ],
          [
            -8.892683493942714,
            -2.9299204298298793
          ],
          [
            -8.621845138559344,
            -2.9299204298298793
          ],
          [
            -8.621845138559344,
            -3.3070504244647
          ],
          [
            -8.351006783175974,
            -3.3070504244647
          ],
          [
            -8.080168427792604,
            -3.6841804190995227
          ],
          [
            -8.080168427792604,
            -4.061310413734343
          ],
          [
            -8.080168427792604,
            -4.438440408369164
          ],
          [
            -8.351006783175974,
            -4.061310413734343
          ],
          [
            -8.351006783175974,
            -4.438440408369164
          ],
          [
            -8.080168427792604,
            -4.438440408369164
          ],
          [
            -7.809330072409234,
            -4.438440408369164
          ],
          [
            -7.809330072409234,
            -4.061310413734343
          ],
          [
            -8.080168427792604,
            -3.6841804190995227
          ],
          [
            -8.351006783175974,
            -3.3070504244647
          ],
          [
            -8.351006783175974,
            -2.9299204298298793
          ],
          [
            -8.621845138559344,
            -2.5527904351950568
          ],
          [
            -8.351006783175974,
            -2.5527904351950568
          ],
          [
            -8.621845138559344,
            -2.5527904351950568
          ],
          [
            -8.892683493942714,
            -2.5527904351950568
          ],
          [
            -8.621845138559344,
            -2.9299204298298793
          ],
          [
            -8.621845138559344,
            -3.3070504244647
          ],
          [
            -8.621845138559344,
            -3.6841804190995227
          ],
          [
            -8.351006783175974,
            -3.6841804190995227
          ],
          [
            -8.080168427792604,
            -3.6841804190995227
          ],
          [
            -7.809330072409234,
            -3.6841804190995227
          ],
          [
            -7.538491717025864,
            -3.3070504244647
          ],
          [
            -7.267653361642494,
            -2.9299204298298793
          ],
          [
            -6.996815006259124,
            -2.5527904351950568
          ],
          [
            -6.7259766508757535,
            -2.175660440560236
          ],
          [
            -6.455138295492384,
            -1.7985304459254152
          ],
          [
            -6.184299940109014,
            -1.7985304459254152
          ],
          [
            -5.913461584725644,
            -1.7985304459254152
          ],
          [
            -5.642623229342274,
            -1.7985304459254152
          ],
          [
            -5.371784873958903,
            -1.7985304459254152
          ],
          [
            -5.100946518575534,
            -1.7985304459254152
          ],
          [
            -4.830108163192163,
            -1.7985304459254152
          ],
          [
            -4.559269807808793,
            -1.7985304459254152
          ],
          [
            -4.288431452425424,
            -1.7985304459254152
          ],
          [
            -4.017593097042054,
            -1.7985304459254152
          ],
          [
            -3.746754741658684,
            -1.7985304459254152
          ],
          [
            -3.4759163862753137,
            -1.7985304459254152
          ],
          [
            -3.2050780308919435,
            -1.7985304459254152
          ],
          [
            -2.9342396755085733,
            -1.7985304459254152
          ],
          [
            -3.2050780308919435,
            -2.175660440560236
          ],
          [
            -2.9342396755085733,
            -2.175660440560236
          ],
          [
            -2.663401320125203,
            -1.7985304459254152
          ],
          [
            -2.9342396755085733,
            -1.421400451290591
          ],
          [
            -3.2050780308919435,
            -1.0442704566557701
          ],
          [
            -3.4759163862753137,
            -1.0442704566557701
          ],
          [
            -3.746754741658684,
            -1.0442704566557701
          ],
          [
            -3.4759163862753137,
            -1.0442704566557701
          ],
          [
            -3.2050780308919435,
            -1.0442704566557701
          ],
          [
            -2.9342396755085733,
            -1.0442704566557701
          ],
          [
            -2.9342396755085733,
            -0.6671404620209493
          ],
          [
            -3.2050780308919435,
            -1.0442704566557701
          ],
          [
            -3.4759163862753137,
            -1.421400451290591
          ],
          [
            -3.4759163862753137,
            -1.7985304459254152
          ],
          [
            -3.4759163862753137,
            -2.175660440560236
          ]
        ]
      },
      "properties": {
        "name": "Visited grid centers"
      }
    }
  ]
}